Record No.,E,I,S,N,T,F,J,P,VisualScore,Auditory Score,Read/Write Score,Kinesthetic Score,Final Learning Style
2,0,1,0,1,0,0,1,1,1,3,4,1,Auditory
3,1,0,0,1,1,0,0,1,3,4,2,1,Auditory
4,0,1,1,0,1,0,0,1,4,1,2,3,Visual
5,1,0,0,1,0,1,0,1,1,4,3,2,Auditory
6,0,1,1,0,1,1,0,1,1,4,2,3,Kinesthetic
7,1,0,0,1,0,1,0,1,1,4,2,3,Kinesthetic
8,0,1,1,0,1,0,0,1,4,1,2,3,Visual
9,1,0,0,1,1,0,0,1,3,4,2,1,Visual
10,0,1,1,0,1,1,0,1,3,2,4,1,Read/Write
17,0,1,1,0,0,1,1,1,4,3,2,4,"Kinesthetic,Auditory"
18,1,0,0,1,1,1,1,2,4,3,1,2,Kinesthetic
19,0,1,1,0,1,0,0,3,1,4,2,4,"Read/Write,Auditory"
20,1,0,0,1,0,0,1,4,3,2,1,3,Visual
21,0,1,0,1,0,0,1,2,3,4,1,4,"Kinesthetic,Auditory"
19,0,1,1,0,1,0,0,3,1,4,2,1,"Read/Write,Auditory"
27,0,1,1,0,1,0,1,3,2,4,3,1,Auditory
28,1,0,0,1,0,1,0,4,3,2,1,4,"Kinesthetic,Visual"
29,0,1,1,0,0,0,1,2,4,1,3,3,Kinesthetic
30,1,0,0,1,1,0,1,3,4,2,1,3,Visual
31,0,1,1,0,0,1,0,4,1,4,2,2,Read/Write
32,1,0,0,1,0,0,0,2,3,4,1,4,Kinesthetic
33,0,1,1,0,1,1,1,4,2,3,1,3,"Kinesthetic,Auditory"
34,1,0,0,1,1,1,0,3,1,4,2,4,"Kinesthetic,Visual"
35,0,1,1,0,0,0,1,2,4,3,1,4,Kinesthetic
36,1,0,0,1,0,1,0,4,2,1,3,3,Visual
37,0,1,1,0,1,0,1,3,1,4,2,4,"Kinesthetic,Read/Write"
38,1,0,0,1,1,1,1,2,4,3,1,2,Auditory
39,0,1,1,0,0,1,0,4,3,2,1,3,Auditory
94,0,1,0,1,1,0,0,1,2,4,3,1,"Kinesthetic,Auditory"
95,1,0,0,1,0,1,0,1,4,3,2,4,"Kinesthetic,Visual"
96,0,1,1,0,1,0,1,0,3,1,4,2,Read/Write
97,1,0,0,1,1,0,1,0,4,2,1,3,"Kinesthetic,Visual"
98,0,1,1,0,0,1,1,0,2,4,3,1,"Read/Write,Auditory"
99,1,0,0,1,0,0,0,1,3,2,1,5,Kinesthetic
100,0,1,1,0,1,0,0,1,4,1,3,2,"Read/Write,Auditory"
101,1,0,0,1,1,1,1,0,2,4,3,4,"Kinesthetic,Visual"
102,0,1,1,0,0,0,1,1,3,1,4,3,"Kinesthetic,Auditory"
94,0,1,0,1,1,0,0,1,2,4,3,1,Auditory
95,1,0,0,1,0,1,0,1,4,3,2,4,"Kinesthetic,Visual"
97,1,0,0,1,1,0,1,0,4,2,1,3,"Kinesthetic,Visual"
100,0,1,1,0,1,0,0,1,4,1,3,2,"Read/Write,Auditory"
102,0,1,1,0,0,0,1,1,3,1,4,3,Auditory
103,1,0,1,0,1,0,0,1,4,2,3,1,Visual
104,0,1,0,1,0,1,1,0,3,4,1,2,"Kinesthetic,Auditory"
105,1,0,1,0,0,1,0,1,2,3,4,1,Read/Write
106,0,1,0,1,1,0,1,0,1,5,2,2,"Kinesthetic,Auditory"
107,1,0,0,1,0,0,1,0,4,3,1,2,"Kinesthetic,Visual"
108,0,1,1,0,1,1,0,1,2,4,3,1,"Read/Write,Auditory"
109,1,0,0,1,1,0,0,0,3,2,4,1,Read/Write
110,0,1,1,0,0,1,1,0,5,2,1,2,Visual
111,1,0,1,0,1,0,1,0,2,4,3,1,"Kinesthetic,Auditory"
112,0,1,0,1,1,1,0,0,4,1,3,2,Read/Write
113,1,0,0,1,0,1,0,1,1,3,4,2,"Auditory,Visual"
114,0,1,1,0,0,0,0,1,3,4,2,1,"Auditory,Visual"
115,1,0,0,1,1,1,1,0,2,3,4,1,"Read/Write,Visual"
116,0,1,1,0,1,0,0,1,4,2,1,3,"Kinesthetic,Visual"
117,1,0,0,1,0,1,1,0,3,1,4,2,"Read/Write,Visual"
118,0,1,1,0,0,1,0,1,2,4,3,1,"Kinesthetic,Auditory"
119,1,0,1,0,1,0,0,1,1,5,2,2,"Kinesthetic,Auditory"
120,0,1,0,1,1,1,0,0,4,3,1,2,"Auditory,Visual"
121,1,0,0,1,0,0,1,0,5,2,1,2,Visual
122,0,1,1,0,1,0,1,0,2,1,4,3,"Kinesthetic,Read/Write"
123,1,0,0,1,0,1,0,1,3,4,2,1,"Auditory,Visual"
124,0,1,1,0,0,0,0,1,4,1,3,2,"Auditory,Visual"
125,1,0,0,1,1,1,1,0,1,4,3,2,"Auditory,Visual"
126,0,1,1,0,1,0,0,1,3,2,4,1,"Read/Write,Auditory"
127,1,0,0,1,0,1,1,0,2,4,1,3,"Kinesthetic,Auditory"
128,0,1,1,0,0,1,1,0,1,5,2,2,"Kinesthetic,Visual"
129,1,0,1,0,1,0,1,0,4,3,1,2,"Auditory,Visual"
130,0,1,0,1,1,0,0,1,3,2,4,1,"Read/Write,Auditory"
131,1,0,0,1,0,0,0,1,2,1,5,2,"Kinesthetic,Visual"
105,1,0,1,0,0,1,0,1,2,3,4,1,Read/Write
113,1,0,0,1,0,1,0,1,1,3,4,2,Auditory
114,0,1,1,0,0,0,0,1,3,4,2,1,"Auditory,Visual"
132,0,1,1,0,1,1,0,1,4,1,3,2,"Auditory,Visual"
133,1,0,0,1,0,1,0,0,3,4,2,1,"Auditory,Visual"
134,0,1,1,0,0,0,1,1,2,1,5,2,"Kinesthetic,Read/Write"
135,1,0,1,0,1,0,1,0,1,4,3,2,"Kinesthetic,Visual"
136,0,1,0,1,1,1,0,0,4,2,1,3,"Auditory,Visual"
137,1,0,0,1,0,0,1,0,5,1,2,2,Visual
138,0,1,1,0,1,0,0,1,2,4,3,1,"Kinesthetic,Auditory"
139,1,0,0,1,0,1,1,0,3,1,4,2,"Read/Write,Visual"
140,0,1,1,0,0,1,0,1,1,5,2,2,"Kinesthetic,Visual"
141,1,0,1,0,1,0,0,1,4,3,2,1,"Auditory,Visual"
142,0,1,0,1,1,1,1,0,3,2,4,1,"Read/Write,Auditory"
143,1,0,0,1,0,0,0,1,2,4,1,3,"Kinesthetic,Auditory"
144,0,1,1,0,1,0,1,0,1,5,2,2,"Kinesthetic,Visual"
145,1,0,0,1,0,1,0,1,4,3,1,2,"Auditory,Visual"
146,0,1,1,0,0,0,1,1,3,2,4,1,"Read/Write,Auditory"
147,1,0,0,1,1,1,1,0,2,1,4,3,"Read/Write,Visual"
148,0,1,1,0,1,0,0,1,1,5,2,2,"Kinesthetic,Visual"
132,0,1,1,0,1,1,0,1,4,1,3,2,Auditory
133,1,0,0,1,0,1,0,0,3,4,2,1,Auditory
134,0,1,1,0,0,0,1,1,2,1,5,2,Kinesthetic
135,1,0,1,0,1,0,1,0,1,4,3,2,Kinesthetic
136,0,1,0,1,1,1,0,0,4,2,1,3,Auditory
138,0,1,1,0,1,0,0,1,2,4,3,1,Kinesthetic
139,1,0,0,1,0,1,1,0,3,1,4,2,Read/Write
140,0,1,1,0,0,1,0,1,1,5,2,2,Kinesthetic
141,1,0,1,0,1,0,0,1,4,3,2,1,Visual
142,0,1,0,1,1,1,1,0,3,2,4,1,Read/Write
143,1,0,0,1,0,0,0,1,2,4,1,3,Auditory
144,0,1,1,0,1,0,1,0,1,5,2,2,Kinesthetic
145,1,0,0,1,0,1,0,1,4,3,1,2,Visual
146,0,1,1,0,0,0,1,1,3,2,4,1,Read/Write
148,0,1,1,0,1,0,0,1,1,5,2,2,Kinesthetic
150,0,1,0,1,0,1,1,0,3,4,2,1,Auditory
151,1,0,0,1,1,0,1,0,5,1,2,2,Visual
152,0,1,1,0,0,1,0,1,2,4,3,1,Kinesthetic
153,1,0,1,0,1,0,0,1,4,3,2,1,Kinesthetic
154,0,1,0,1,1,1,0,0,4,2,1,3,Auditory
155,1,0,0,1,0,0,1,0,5,1,2,2,Visual
156,0,1,1,0,1,0,0,1,2,4,3,1,Kinesthetic
157,1,0,1,0,1,0,1,0,3,1,4,2,Read/Write
158,0,1,0,1,0,1,1,0,4,2,1,3,Auditory
159,1,0,0,1,1,1,1,0,2,4,3,1,"Auditory,Visual"
160,0,1,1,0,0,0,1,1,1,5,2,2,Kinesthetic
161,1,0,0,1,0,1,0,0,4,3,1,2,Visual
162,0,1,1,0,1,1,0,1,2,1,4,3,Kinesthetic
163,1,0,1,0,1,0,0,1,3,4,2,1,Kinesthetic
164,0,1,0,1,0,1,1,0,4,2,1,3,Auditory
165,1,0,0,1,1,0,1,0,5,1,2,2,Visual
166,0,1,1,0,0,1,0,1,2,4,3,1,Kinesthetic
102,0,1,1,0,0,0,1,1,3,1,4,3,"Kinesthetic,Visual"
104,0,1,0,1,0,1,1,0,3,4,1,2,"Kinesthetic,Visual"
118,0,1,1,0,1,1,0,1,2,4,3,1,"Kinesthetic,Auditory"
171,1,0,1,0,1,0,1,0,4,3,2,1,"Kinesthetic,Visual"
172,0,1,0,1,0,1,1,0,2,1,4,3,"Kinesthetic,Auditory"
173,1,0,0,1,1,0,1,0,3,4,1,2,"Read/Write,Visual"
174,0,1,1,0,1,0,0,1,1,5,2,2,Kinesthetic
175,1,0,1,0,1,0,0,1,4,3,1,2,Kinesthetic
176,0,1,0,1,0,1,1,0,2,1,4,3,"Auditory,Visual"
177,1,0,0,1,1,1,1,0,3,4,1,2,"Kinesthetic,Visual"
178,0,1,1,0,0,1,0,1,1,2,4,3,Kinesthetic
179,1,0,1,0,1,0,1,0,4,3,2,1,"Read/Write,Auditory"
180,0,1,0,1,1,0,1,0,2,1,4,3,"Auditory,Visual"
181,1,0,0,1,0,0,1,0,5,4,1,2,Visual
182,0,1,1,0,1,1,0,1,1,2,4,3,"Kinesthetic,Auditory"
183,1,0,1,0,1,0,0,1,4,3,1,2,Kinesthetic
184,0,1,0,1,0,1,1,0,2,1,4,3,"Kinesthetic,Auditory"
185,1,0,0,1,1,0,1,0,3,4,1,2,"Read/Write,Visual"
186,0,1,1,0,0,0,1,1,1,5,2,2,Kinesthetic
187,1,0,1,0,1,0,0,1,4,3,1,2,Kinesthetic
153,1,0,0,1,0,0,1,0,5,4,1,2,Visual
154,0,1,1,0,1,0,0,1,1,2,4,3,Kinesthetic
155,1,0,1,0,1,0,1,0,4,3,2,1,"Kinesthetic,Read/Write"
156,0,1,0,1,0,1,1,0,2,1,4,3,"Auditory,Visual"
157,1,0,0,1,1,0,1,0,3,4,1,2,"Auditory,Visual"
158,0,1,1,0,0,1,0,1,1,5,2,2,Kinesthetic
159,1,0,1,0,1,0,0,1,4,3,1,2,Kinesthetic
160,0,1,0,1,1,1,0,0,2,1,4,3,"Read/Write,Auditory"
161,1,0,0,1,0,0,1,0,5,4,1,2,Visual
162,0,1,1,0,1,0,0,1,1,2,4,3,Kinesthetic
163,1,0,1,0,1,0,1,0,4,3,2,1,"Read/Write,Visual"
164,0,1,0,1,0,1,1,0,2,1,4,3,"Kinesthetic,Auditory"
165,1,0,0,1,1,0,1,0,3,4,1,2,"Kinesthetic,Visual"
166,0,1,1,0,0,1,0,1,1,5,2,2,Kinesthetic
167,1,0,1,0,1,0,0,1,4,3,1,2,Kinesthetic
168,0,1,0,1,1,1,0,0,2,1,4,3,"Auditory,Visual"
169,1,0,0,1,0,0,1,0,5,4,1,2,Visual
170,0,1,1,0,1,0,0,1,1,2,4,3,Kinesthetic
136,0,1,0,1,1,1,0,0,2,1,4,3,"Auditory,Visual"
137,1,0,0,1,0,0,1,0,5,4,1,2,Visual
138,0,1,1,0,1,0,0,1,1,2,4,3,Kinesthetic
139,1,0,1,0,1,0,1,0,4,3,2,1,"Kinesthetic,Read/Write"
140,0,1,0,1,0,1,1,0,2,1,4,3,"Kinesthetic,Auditory"
141,1,0,0,1,1,0,1,0,3,4,1,2,"Read/Write,Visual"
142,0,1,1,0,0,1,0,1,1,5,2,2,Kinesthetic
143,1,0,1,0,1,0,0,1,4,3,1,2,Kinesthetic
144,0,1,0,1,1,1,0,0,2,1,4,3,"Auditory,Visual"
145,1,0,0,1,0,0,1,0,5,4,1,2,Visual
146,0,1,1,0,1,0,0,1,1,2,4,3,Kinesthetic
147,1,0,1,0,1,0,1,0,4,3,2,1,"Read/Write,Auditory"
148,0,1,0,1,0,1,1,0,2,1,4,3,"Auditory,Visual"
149,1,0,0,1,1,0,1,0,3,4,1,2,"Kinesthetic,Visual"
150,0,1,1,0,0,1,0,1,1,5,2,2,Kinesthetic
151,1,0,1,0,1,0,0,1,4,3,1,2,Kinesthetic
152,0,1,0,1,1,1,0,0,2,1,4,3,"Auditory,Visual"
119,1,0,1,0,1,0,0,1,4,3,2,1,"Kinesthetic,Visual"
120,0,1,0,1,0,1,1,0,2,1,4,3,"Kinesthetic,Auditory"
121,1,0,0,1,1,0,1,0,3,4,1,2,"Read/Write,Visual"
122,0,1,1,0,1,0,0,1,1,5,2,2,Kinesthetic
123,1,0,1,0,1,0,0,1,4,3,1,2,Kinesthetic
124,0,1,0,1,0,1,1,0,2,1,4,3,"Kinesthetic,Auditory"
125,1,0,0,1,0,0,1,0,5,4,1,2,Visual
126,0,1,1,0,0,1,0,1,1,2,4,3,Kinesthetic
127,1,0,1,0,1,0,1,0,4,3,2,1,"Kinesthetic,Auditory"
128,0,1,0,1,1,1,0,0,2,1,4,3,"Auditory,Visual"
129,1,0,0,1,1,0,1,0,3,4,1,2,"Read/Write,Visual"
130,0,1,1,0,0,0,1,1,1,5,2,2,Kinesthetic
131,1,0,1,0,1,0,0,1,4,3,1,2,Kinesthetic
132,0,1,1,0,1,1,0,1,2,1,4,3,"Kinesthetic,Auditory"
134,0,1,1,0,0,0,1,1,1,2,5,2,Kinesthetic
135,1,0,1,0,1,0,1,0,4,3,1,2,Kinesthetic
273,1,0,0,1,1,0,1,0,3,4,1,2,"Auditory,Visual"
274,0,1,1,0,0,1,0,1,1,5,2,2,Kinesthetic
275,1,0,1,0,1,0,0,1,4,3,1,2,Kinesthetic
276,0,1,0,1,1,1,0,0,2,1,4,3,"Auditory,Visual"
277,1,0,0,1,0,0,1,0,5,4,1,2,Visual
278,0,1,1,0,1,0,0,1,1,2,4,3,Kinesthetic
279,1,0,1,0,1,0,1,0,4,3,2,1,"Read/Write,Auditory"
280,0,1,0,1,0,1,1,0,2,1,4,3,"Auditory,Visual"
281,1,0,0,1,1,0,1,0,3,4,1,2,"Kinesthetic,Visual"
282,0,1,1,0,0,1,0,1,1,5,2,2,Kinesthetic
283,1,0,1,0,1,0,0,1,4,3,1,2,Kinesthetic
284,0,1,0,1,1,1,0,0,2,1,4,3,"Read/Write,Auditory"
285,1,0,0,1,0,0,1,0,5,4,1,2,Visual
286,0,1,1,0,1,0,0,1,1,2,4,3,Kinesthetic
287,1,0,1,0,1,0,1,0,4,3,2,1,"Kinesthetic,Read/Write"
288,0,1,0,1,0,1,1,0,2,1,4,3,"Auditory,Visual"
289,1,0,0,1,1,0,1,0,3,4,1,2,"Auditory,Visual"
256,0,1,0,1,0,1,1,0,2,1,4,3,"Auditory,Visual"
257,1,0,0,1,1,0,1,0,3,4,1,2,"Auditory,Visual"
258,0,1,1,0,0,1,0,1,1,5,2,2,Kinesthetic
259,1,0,1,0,1,0,0,1,4,3,1,2,Kinesthetic
260,0,1,0,1,1,1,0,0,2,1,4,3,"Auditory,Visual"
261,1,0,0,1,0,0,1,0,5,4,1,2,Visual
262,0,1,1,0,1,0,0,1,1,2,4,3,Kinesthetic
263,1,0,1,0,1,0,1,0,4,3,2,1,"Read/Write,Auditory"
264,0,1,0,1,0,1,1,0,2,1,4,3,"Auditory,Visual"
265,1,0,0,1,1,0,1,0,3,4,1,2,"Kinesthetic,Visual"
266,0,1,1,0,0,1,0,1,1,5,2,2,Kinesthetic
267,1,0,1,0,1,0,0,1,4,3,1,2,Kinesthetic
268,0,1,0,1,1,1,0,0,2,1,4,3,"Read/Write,Auditory"
269,1,0,0,1,0,0,1,0,5,4,1,2,Visual
270,0,1,1,0,1,0,0,1,1,2,4,3,Kinesthetic
271,1,0,1,0,1,0,1,0,4,3,2,1,"Kinesthetic,Read/Write"
272,0,1,0,1,0,1,1,0,2,1,4,3,"Auditory,Visual"
239,1,0,1,0,1,0,1,0,4,3,2,1,"Kinesthetic,Read/Write"
240,0,1,0,1,0,1,1,0,2,1,4,3,"Auditory,Visual"
241,1,0,0,1,1,0,1,0,3,4,1,2,"Auditory,Visual"
242,0,1,1,0,0,1,0,1,1,5,2,2,Kinesthetic
243,1,0,1,0,1,0,0,1,4,3,1,2,Kinesthetic
244,0,1,0,1,1,1,0,0,2,1,4,3,"Auditory,Visual"
245,1,0,0,1,0,0,1,0,5,4,1,2,Visual
246,0,1,1,0,1,0,0,1,1,2,4,3,Kinesthetic
247,1,0,1,0,1,0,1,0,4,3,2,1,"Read/Write,Auditory"
248,0,1,0,1,0,1,1,0,2,1,4,3,"Auditory,Visual"
249,1,0,0,1,1,0,1,0,3,4,1,2,"Kinesthetic,Visual"
250,0,1,1,0,0,1,0,1,1,5,2,2,Kinesthetic
251,1,0,1,0,1,0,0,1,4,3,1,2,Kinesthetic
252,0,1,0,1,1,1,0,0,2,1,4,3,"Read/Write,Auditory"
253,1,0,0,1,0,0,1,0,5,4,1,2,Visual
254,0,1,1,0,1,0,0,1,1,2,4,3,Kinesthetic
255,1,0,1,0,1,0,1,0,4,3,2,1,"Kinesthetic,Read/Write"
222,0,1,1,0,1,0,0,1,1,2,4,3,Kinesthetic
223,1,0,1,0,1,0,1,0,4,3,2,1,"Kinesthetic,Read/Write"
224,0,1,0,1,0,1,1,0,2,1,4,3,"Auditory,Visual"
225,1,0,0,1,1,0,1,0,3,4,1,2,"Auditory,Visual"
226,0,1,1,0,0,1,0,1,1,5,2,2,Kinesthetic
227,1,0,1,0,1,0,0,1,4,3,1,2,Kinesthetic
228,0,1,0,1,1,1,0,0,2,1,4,3,"Auditory,Visual"
229,1,0,0,1,0,0,1,0,5,4,1,2,Visual
230,0,1,1,0,1,0,0,1,1,2,4,3,Kinesthetic
231,1,0,1,0,1,0,1,0,4,3,2,1,"Read/Write,Auditory"
232,0,1,0,1,0,1,1,0,2,1,4,3,"Auditory,Visual"
233,1,0,0,1,1,0,1,0,3,4,1,2,"Kinesthetic,Visual"
234,0,1,1,0,0,1,0,1,1,5,2,2,Kinesthetic
235,1,0,1,0,1,0,0,1,4,3,1,2,Kinesthetic
236,0,1,0,1,1,1,0,0,2,1,4,3,"Read/Write,Auditory"
237,1,0,0,1,0,0,1,0,5,4,1,2,Visual
238,0,1,1,0,1,0,0,1,1,2,4,3,Kinesthetic
205,1,0,0,1,0,0,1,0,5,4,1,2,Visual
206,0,1,1,0,1,0,0,1,1,2,4,3,Kinesthetic
207,1,0,1,0,1,0,1,0,4,3,2,1,"Kinesthetic,Read/Write"
208,0,1,0,1,0,1,1,0,2,1,4,3,"Auditory,Visual"
209,1,0,0,1,1,0,1,0,3,4,1,2,"Auditory,Visual"
210,0,1,1,0,0,1,0,1,1,5,2,2,Kinesthetic
211,1,0,1,0,1,0,0,1,4,3,1,2,Kinesthetic
212,0,1,0,1,1,1,0,0,2,1,4,3,"Auditory,Visual"
213,1,0,0,1,0,0,1,0,5,4,1,2,Visual
214,0,1,1,0,1,0,0,1,1,2,4,3,Kinesthetic
215,1,0,1,0,1,0,1,0,4,3,2,1,"Read/Write,Auditory"
216,0,1,0,1,0,1,1,0,2,1,4,3,"Auditory,Visual"
217,1,0,0,1,1,0,1,0,3,4,1,2,"Kinesthetic,Visual"
218,0,1,1,0,0,1,0,1,1,5,2,2,Kinesthetic
219,1,0,1,0,1,0,0,1,4,3,1,2,Kinesthetic
220,0,1,0,1,1,1,0,0,2,1,4,3,"Read/Write,Auditory"
221,1,0,0,1,0,0,1,0,5,4,1,2,Visual
188,0,1,0,1,1,1,0,0,2,1,4,3,"Auditory,Visual"
189,1,0,0,1,0,0,1,0,5,4,1,2,Visual
190,0,1,1,0,1,0,0,1,1,2,4,3,Kinesthetic
191,1,0,1,0,1,0,1,0,4,3,2,1,"Kinesthetic,Read/Write"
192,0,1,0,1,0,1,1,0,2,1,4,3,"Auditory,Visual"
193,1,0,0,1,1,0,1,0,3,4,1,2,"Auditory,Visual"
194,0,1,1,0,0,1,0,1,1,5,2,2,Kinesthetic
195,1,0,1,0,1,0,0,1,4,3,1,2,Kinesthetic
196,0,1,0,1,1,1,0,0,2,1,4,3,"Auditory,Visual"
197,1,0,0,1,0,0,1,0,5,4,1,2,Visual
198,0,1,1,0,1,0,0,1,1,2,4,3,Kinesthetic
199,1,0,1,0,1,0,1,0,4,3,2,1,"Read/Write,Auditory"
200,0,1,0,1,0,1,1,0,2,1,4,3,"Auditory,Visual"
201,1,0,0,1,1,0,1,0,3,4,1,2,"Kinesthetic,Visual"
202,0,1,1,0,0,1,0,1,1,5,2,2,Kinesthetic
203,1,0,1,0,1,0,0,1,4,3,1,2,Kinesthetic
204,0,1,0,1,1,1,0,0,2,1,4,3,"Read/Write,Auditory"
1,1,0,0,1,0,1,0,1,4,2,3,1,Visual
2,0,1,0,0,1,0,1,0,3,1,4,1,Read/Write
3,1,0,0,1,1,0,0,1,3,4,2,1,"Read/Write,Auditory"
4,0,1,1,0,1,0,0,1,4,1,2,3,Visual
5,1,0,0,1,0,1,0,1,1,4,3,2,Auditory
2,0,1,0,0,1,0,1,0,3,1,4,1,Read/Write
3,1,0,0,1,1,0,0,1,3,4,2,1,"Read/Write,Auditory"
5,1,0,0,1,0,1,0,1,1,4,3,2,Auditory
6,0,1,0,1,0,1,1,0,2,3,4,1,Read/Write
8,0,1,1,0,0,0,0,1,1,4,3,2,Auditory
9,1,0,0,1,1,1,0,1,4,3,1,2,"Read/Write,Visual"
10,0,1,1,1,1,0,0,1,2,4,1,3,Auditory
11,1,0,1,0,1,0,1,0,1,3,4,2,Read/Write
14,0,1,1,0,0,1,0,1,4,3,2,1,Visual
16,0,1,0,1,0,0,1,0,1,2,4,3,Auditory
18,0,1,1,1,0,1,1,0,2,3,4,1,Read/Write
8,0,1,1,0,0,0,0,1,1,4,3,2,Read/Write
10,0,1,1,1,1,0,0,1,2,4,1,3,Auditory
11,1,0,1,0,1,0,1,0,1,3,4,2,Read/Write
13,1,0,0,1,0,0,0,1,2,1,4,3,"Kinesthetic,Read/Write"
15,1,0,1,0,1,1,1,0,3,1,2,4,Auditory
16,0,1,0,1,0,0,1,0,1,2,4,3,Read/Write
18,0,1,1,1,0,1,1,0,2,3,4,1,Read/Write
20,0,1,0,1,1,0,0,1,1,2,4,3,Read/Write
21,1,0,0,1,0,1,1,0,2,4,3,1,Auditory
22,0,1,1,0,1,1,0,1,3,1,4,2,Read/Write
24,0,1,0,1,0,0,0,1,2,3,4,1,Read/Write
25,1,0,0,1,0,0,1,1,1,4,2,3,"Read/Write,Visual"
26,0,1,1,1,0,0,1,0,3,4,2,1,Auditory
28,0,1,0,1,1,1,1,0,1,3,4,2,Read/Write
29,1,0,0,1,1,0,0,1,2,4,3,1,Visual
30,0,1,1,0,0,0,1,1,4,2,3,1,Read/Write
31,1,0,1,0,1,1,0,1,3,1,4,2,"Kinesthetic,Read/Write"
32,0,1,0,1,0,1,0,1,1,4,2,3,Auditory
33,1,0,0,1,0,0,1,1,4,3,1,2,Visual
34,0,1,1,1,1,1,1,0,2,1,4,3,Read/Write
36,0,1,0,1,1,0,0,1,1,3,4,2,Read/Write
2,0,1,0,0,1,0,1,0,3,1,4,1,Read/Write
3,1,0,0,1,1,0,0,1,3,4,2,1,Auditory
5,1,0,0,1,0,1,0,1,1,4,3,2,Auditory
6,0,1,0,1,0,1,1,0,2,3,4,1,Read/Write
8,0,1,1,0,0,0,0,1,1,4,3,2,Read/Write
9,1,0,0,1,1,1,0,1,4,3,1,2,"Read/Write,Visual"
10,0,1,1,1,1,0,0,1,2,4,1,3,Auditory
11,1,0,1,0,1,0,1,0,1,3,4,2,Read/Write
13,1,0,0,1,0,0,0,1,2,1,4,3,"Kinesthetic,Read/Write"
15,1,0,1,0,1,1,1,0,3,1,2,4,Auditory
16,0,1,0,1,0,0,1,0,1,2,4,3,Read/Write
18,0,1,1,1,0,1,1,0,2,3,4,1,Read/Write
13,1,0,0,1,0,0,0,1,2,4,3,1,"Kinesthetic,Read/Write"
32,0,1,0,1,0,1,0,1,1,4,2,3,Auditory
42,0,1,1,1,1,0,1,0,3,2,4,1,Auditory
48,0,1,0,1,0,0,1,1,1,3,4,2,Auditory
50,0,1,1,1,0,1,1,0,2,4,1,3,Auditory
80,0,1,1,0,0,0,0,1,2,3,4,1,"Read/Write,Auditory"
91,1,0,0,1,1,0,1,0,2,4,3,1,"Read/Write,Visual"
170,1,0,0,1,0,1,0,1,3,4,2,1,Auditory
205,0,1,0,1,0,1,2,0,2,4,3,1,Auditory
24,0,1,0,1,0,1,0,1,3,1,4,2,"Kinesthetic,Read/Write"
39,0,1,0,1,0,0,1,0,3,2,4,1,"Kinesthetic,Read/Write"
43,0,1,0,1,0,1,1,0,2,4,3,1,"Kinesthetic,Read/Write"
47,0,1,0,1,0,1,0,1,3,1,4,2,"Kinesthetic,Read/Write"
49,0,1,1,0,1,0,1,0,2,4,3,1,"Kinesthetic,Read/Write"
53,0,1,0,1,0,0,1,1,3,4,2,1,"Kinesthetic,Read/Write"
56,0,1,0,1,0,0,1,0,2,3,4,1,"Kinesthetic,Read/Write"
61,0,1,0,1,0,0,0,1,3,2,4,1,"Kinesthetic,Visual"
64,0,1,0,1,1,0,1,0,4,1,2,3,"Kinesthetic,Visual"
67,0,1,1,0,0,1,1,0,3,1,2,3,"Kinesthetic,Visual"
68,0,1,0,1,0,1,0,1,4,2,2,2,"Kinesthetic,Visual"
71,1,0,1,0,0,1,0,1,3,1,4,2,"Kinesthetic,Visual"
74,0,1,0,1,0,0,0,1,2,3,4,1,"Kinesthetic,Visual"
76,0,1,1,0,1,0,0,1,4,2,1,3,"Kinesthetic,Visual"
79,0,1,0,1,0,1,1,0,3,2,2,2,"Kinesthetic,Visual"
83,0,1,0,1,0,0,1,0,4,1,3,2,"Kinesthetic,Visual"
85,0,1,0,1,1,0,1,0,3,2,2,3,"Kinesthetic,Visual"
13,1,0,0,1,0,0,0,1,2,4,3,1,"Kinesthetic,Read/Write"
91,1,0,0,1,1,0,1,0,2,4,3,1,"Read/Write,Visual"
111,0,0,1,1,0,1,0,1,2,3,4,1,"Kinesthetic,Read/Write"
112,0,1,0,1,1,1,0,1,3,4,2,1,"Read/Write,Auditory"
114,0,1,1,0,0,0,1,0,2,4,3,1,"Kinesthetic,Read/Write"
116,0,1,0,1,0,1,0,1,3,2,4,1,"Read/Write,Auditory"
117,0,1,1,0,1,0,0,1,1,4,3,2,"Read/Write,Auditory"
119,1,0,0,1,0,1,1,0,2,3,4,1,"Kinesthetic,Read/Write"
121,0,1,0,1,0,0,1,0,3,4,2,1,"Read/Write,Auditory"
92,1,0,0,1,0,1,0,1,2,4,3,1,"Kinesthetic,Auditory"
93,0,1,0,1,0,0,1,0,1,4,3,2,"Kinesthetic,Auditory"
94,0,1,1,0,1,0,0,1,3,2,4,1,"Kinesthetic,Auditory"
95,0,1,0,1,0,1,1,0,2,3,4,1,"Kinesthetic,Auditory"
96,1,0,1,0,0,1,1,0,3,4,2,1,"Kinesthetic,Auditory"
97,0,1,0,1,1,0,1,0,1,2,4,3,"Kinesthetic,Auditory"
98,0,1,1,0,0,0,0,1,2,4,3,1,"Kinesthetic,Auditory"
99,0,1,0,1,0,1,0,1,3,1,4,2,"Kinesthetic,Auditory"
100,1,0,0,1,1,1,0,1,2,4,3,1,"Kinesthetic,Auditory"
101,0,1,1,1,0,1,1,0,1,3,4,2,"Kinesthetic,Auditory"
102,0,1,0,1,0,0,1,1,4,2,3,1,"Kinesthetic,Auditory"
103,0,1,1,0,1,1,0,1,3,1,4,2,"Kinesthetic,Auditory"
104,1,0,0,1,0,0,0,1,2,3,4,1,"Kinesthetic,Auditory"
105,0,1,0,1,1,0,0,1,1,4,2,3,"Kinesthetic,Auditory"
106,0,1,1,0,0,1,1,0,4,2,1,3,"Kinesthetic,Auditory"
107,1,0,1,0,1,0,1,0,3,2,4,1,"Kinesthetic,Auditory"
108,0,1,0,1,0,1,0,1,2,4,3,1,"Kinesthetic,Auditory"
109,0,1,1,1,1,0,0,1,3,2,2,2,"Kinesthetic,Auditory"
113,0,1,0,1,0,0,0,1,4,1,2,3,"Kinesthetic,Auditory"
115,1,0,0,1,0,1,1,0,3,4,2,1,"Kinesthetic,Auditory"
118,0,1,1,0,0,1,0,1,1,3,4,2,"Kinesthetic,Auditory"
120,0,1,0,1,1,1,1,0,2,4,3,1,"Kinesthetic,Auditory"
122,1,0,0,1,0,0,1,1,4,2,1,3,"Kinesthetic,Auditory"
123,0,1,0,1,0,1,0,1,3,2,4,1,"Kinesthetic,Auditory"
124,0,1,1,0,1,1,1,0,2,3,4,1,"Kinesthetic,Auditory"
1,1,0,0,1,0,1,0,1,4,2,3,1,Visual
2,0,1,0,0,1,0,1,0,3,1,4,1,Read/Write
3,1,0,0,1,1,0,0,1,3,4,2,1,"Read/Write,Auditory"
4,0,1,1,0,1,0,0,1,4,1,2,3,Visual
5,1,0,0,1,0,1,0,1,1,4,3,2,Auditory
2,0,1,0,0,1,0,1,0,3,1,4,1,Read/Write
3,1,0,0,1,1,0,0,1,3,4,2,1,"Read/Write,Auditory"
5,1,0,0,1,0,1,0,1,1,4,3,2,Auditory
6,0,1,0,1,0,1,1,0,2,3,4,1,Read/Write
8,0,1,1,0,0,0,0,1,1,4,3,2,Auditory
9,1,0,0,1,1,1,0,1,4,3,1,2,"Read/Write,Visual"
10,0,1,1,1,1,0,0,1,2,4,1,3,Auditory
11,1,0,1,0,1,0,1,0,1,3,4,2,Read/Write
14,0,1,1,0,0,1,0,1,4,3,2,1,Visual
16,0,1,0,1,0,0,1,0,1,2,4,3,Auditory
18,0,1,1,1,0,1,1,0,2,3,4,1,Read/Write
8,0,1,1,0,0,0,0,1,1,4,3,2,Read/Write
10,0,1,1,1,1,0,0,1,2,4,1,3,Auditory
11,1,0,1,0,1,0,1,0,1,3,4,2,Read/Write
13,1,0,0,1,0,0,0,1,2,1,4,3,"Kinesthetic,Read/Write"
15,1,0,1,0,1,1,1,0,3,1,2,4,Auditory
16,0,1,0,1,0,0,1,0,1,2,4,3,Read/Write
18,0,1,1,1,0,1,1,0,2,3,4,1,Read/Write
20,0,1,0,1,1,0,0,1,1,2,4,3,Read/Write
21,1,0,0,1,0,1,1,0,2,4,3,1,Auditory
22,0,1,1,0,1,1,0,1,3,1,4,2,Read/Write
24,0,1,0,1,0,0,0,1,2,3,4,1,Read/Write
25,1,0,0,1,0,0,1,1,1,4,2,3,"Read/Write,Visual"
26,0,1,1,1,0,0,1,0,3,4,2,1,Auditory
28,0,1,0,1,1,1,1,0,1,3,4,2,Read/Write
29,1,0,0,1,1,0,0,1,2,4,3,1,Visual
30,0,1,1,0,0,0,1,1,4,2,3,1,Read/Write
31,1,0,1,0,1,1,0,1,3,1,4,2,"Kinesthetic,Read/Write"
32,0,1,0,1,0,1,0,1,1,4,2,3,Auditory
33,1,0,0,1,0,0,1,1,4,3,1,2,Visual
34,0,1,1,1,1,1,1,0,2,1,4,3,Read/Write
36,0,1,0,1,1,0,0,1,1,3,4,2,Read/Write
2,0,1,0,0,1,0,1,0,3,1,4,1,Read/Write
3,1,0,0,1,1,0,0,1,3,4,2,1,Auditory
5,1,0,0,1,0,1,0,1,1,4,3,2,Auditory
6,0,1,0,1,0,1,1,0,2,3,4,1,Read/Write
8,0,1,1,0,0,0,0,1,1,4,3,2,Read/Write
9,1,0,0,1,1,1,0,1,4,3,1,2,"Read/Write,Visual"
10,0,1,1,1,1,0,0,1,2,4,1,3,Auditory
11,1,0,1,0,1,0,1,0,1,3,4,2,Read/Write
13,1,0,0,1,0,0,0,1,2,1,4,3,"Kinesthetic,Read/Write"
15,1,0,1,0,1,1,1,0,3,1,2,4,Auditory
16,0,1,0,1,0,0,1,0,1,2,4,3,Read/Write
18,0,1,1,1,0,1,1,0,2,3,4,1,Read/Write
13,1,0,0,1,0,0,0,1,2,4,3,1,"Kinesthetic,Read/Write"
32,0,1,0,1,0,1,0,1,1,4,2,3,Auditory
42,0,1,1,1,1,0,1,0,3,2,4,1,Auditory
48,0,1,0,1,0,0,1,1,1,3,4,2,Auditory
50,0,1,1,1,0,1,1,0,2,4,1,3,Auditory
80,0,1,1,0,0,0,0,1,2,3,4,1,"Read/Write,Auditory"
91,1,0,0,1,1,0,1,0,2,4,3,1,"Read/Write,Visual"
170,1,0,0,1,0,1,0,1,3,4,2,1,Auditory
205,0,1,0,1,0,1,2,0,2,4,3,1,Auditory
24,0,1,0,1,0,1,0,1,3,1,4,2,"Kinesthetic,Read/Write"
39,0,1,0,1,0,0,1,0,3,2,4,1,"Kinesthetic,Read/Write"
43,0,1,0,1,0,1,1,0,2,4,3,1,"Kinesthetic,Read/Write"
47,0,1,0,1,0,1,0,1,3,1,4,2,"Kinesthetic,Read/Write"
49,0,1,1,0,1,0,1,0,2,4,3,1,"Kinesthetic,Read/Write"
53,0,1,0,1,0,0,1,1,3,4,2,1,"Kinesthetic,Read/Write"
56,0,1,0,1,0,0,1,0,2,3,4,1,"Kinesthetic,Read/Write"
61,0,1,0,1,0,0,0,1,3,2,4,1,"Kinesthetic,Visual"
64,0,1,0,1,1,0,1,0,4,1,2,3,"Kinesthetic,Visual"
67,0,1,1,0,0,1,1,0,3,1,2,3,"Kinesthetic,Visual"
68,0,1,0,1,0,1,0,1,4,2,2,2,"Kinesthetic,Visual"
71,1,0,1,0,0,1,0,1,3,1,4,2,"Kinesthetic,Visual"
74,0,1,0,1,0,0,0,1,2,3,4,1,"Kinesthetic,Visual"
76,0,1,1,0,1,0,0,1,4,2,1,3,"Kinesthetic,Visual"
79,0,1,0,1,0,1,1,0,3,2,2,2,"Kinesthetic,Visual"
83,0,1,0,1,0,0,1,0,4,1,3,2,"Kinesthetic,Visual"
85,0,1,0,1,1,0,1,0,3,2,2,3,"Kinesthetic,Visual"
13,1,0,0,1,0,0,0,1,2,4,3,1,"Kinesthetic,Read/Write"
91,1,0,0,1,1,0,1,0,2,4,3,1,"Read/Write,Visual"
111,0,0,1,1,0,1,0,1,2,3,4,1,"Kinesthetic,Read/Write"
112,0,1,0,1,1,1,0,1,3,4,2,1,"Read/Write,Auditory"
114,0,1,1,0,0,0,1,0,2,4,3,1,"Kinesthetic,Read/Write"
116,0,1,0,1,0,1,0,1,3,2,4,1,"Read/Write,Auditory"
117,0,1,1,0,1,0,0,1,1,4,3,2,"Read/Write,Auditory"
119,1,0,0,1,0,1,1,0,2,3,4,1,"Kinesthetic,Read/Write"
121,0,1,0,1,0,0,1,0,3,4,2,1,"Read/Write,Auditory"
92,1,0,0,1,0,1,0,1,2,4,3,1,"Kinesthetic,Auditory"
93,0,1,0,1,0,0,1,0,1,4,3,2,"Kinesthetic,Auditory"
94,0,1,1,0,1,0,0,1,3,2,4,1,"Kinesthetic,Auditory"
95,0,1,0,1,0,1,1,0,2,3,4,1,"Kinesthetic,Auditory"
96,1,0,1,0,0,1,1,0,3,4,2,1,"Kinesthetic,Auditory"
97,0,1,0,1,1,0,1,0,1,2,4,3,"Kinesthetic,Auditory"
98,0,1,1,0,0,0,0,1,2,4,3,1,"Kinesthetic,Auditory"
99,0,1,0,1,0,1,0,1,3,1,4,2,"Kinesthetic,Auditory"
100,1,0,0,1,1,1,0,1,2,4,3,1,"Kinesthetic,Auditory"
101,0,1,1,1,0,1,1,0,1,3,4,2,"Kinesthetic,Auditory"
102,0,1,0,1,0,0,1,1,4,2,3,1,"Kinesthetic,Auditory"
103,0,1,1,0,1,1,0,1,3,1,4,2,"Kinesthetic,Auditory"
104,1,0,0,1,0,0,0,1,2,3,4,1,"Kinesthetic,Auditory"
105,0,1,0,1,1,0,0,1,1,4,2,3,"Kinesthetic,Auditory"
106,0,1,1,0,0,1,1,0,4,2,1,3,"Kinesthetic,Auditory"
107,1,0,1,0,1,0,1,0,3,2,4,1,"Kinesthetic,Auditory"
108,0,1,0,1,0,1,0,1,2,4,3,1,"Kinesthetic,Auditory"
109,0,1,1,1,1,0,0,1,3,2,2,2,"Kinesthetic,Auditory"
113,0,1,0,1,0,0,0,1,4,1,2,3,"Kinesthetic,Auditory"
115,1,0,0,1,0,1,1,0,3,4,2,1,"Kinesthetic,Auditory"
118,0,1,1,0,0,1,0,1,1,3,4,2,"Kinesthetic,Auditory"
120,0,1,0,1,1,1,1,0,2,4,3,1,"Kinesthetic,Auditory"
122,1,0,0,1,0,0,1,1,4,2,1,3,"Kinesthetic,Auditory"
123,0,1,0,1,0,1,0,1,3,2,4,1,"Kinesthetic,Auditory"
124,0,1,1,0,1,1,1,0,2,3,4,1,"Kinesthetic,Auditory"
125,1,0,1,0,1,1,0,1,3,1,1,3,"Kinesthetic,Auditory"
128,0,1,0,1,1,0,1,0,4,1,3,2,"Kinesthetic,Auditory"
129,1,0,0,1,0,1,0,1,2,4,3,1,"Kinesthetic,Auditory"
130,0,1,1,1,0,0,0,1,3,2,4,1,"Kinesthetic,Auditory"
201,1,0,0,1,1,0,0,1,4,2,3,1,Visual
203,0,1,0,1,1,1,1,0,4,1,2,3,Visual
206,0,1,0,1,0,0,1,1,4,2,1,3,Visual
208,0,1,1,0,1,0,0,1,4,1,3,2,Visual
210,1,0,1,0,0,0,1,0,4,2,3,1,Visual
213,0,1,0,1,0,1,0,1,4,1,2,3,Visual
215,0,1,1,0,0,1,0,1,4,2,1,3,Visual
217,1,0,0,1,0,1,1,0,4,1,3,2,Visual
219,0,1,0,1,1,1,0,1,4,2,1,3,Visual
221,0,1,1,1,0,0,1,0,4,3,1,2,Visual
301,0,1,0,1,0,0,0,1,3,2,4,1,"Kinesthetic,Visual"
304,0,1,1,0,0,1,0,1,3,1,2,3,"Kinesthetic,Visual"
306,0,1,0,1,1,1,1,0,2,4,3,1,"Kinesthetic,Visual"
308,1,0,0,1,0,1,0,1,4,2,3,1,"Kinesthetic,Visual"
310,0,1,1,0,1,0,1,0,3,2,2,2,"Kinesthetic,Visual"
313,0,1,0,1,0,1,1,0,2,3,4,1,"Kinesthetic,Visual"
315,1,0,0,1,1,0,0,1,3,1,4,2,"Kinesthetic,Visual"
317,0,1,1,0,0,0,1,0,4,1,3,2,"Kinesthetic,Visual"
319,0,1,0,1,0,0,0,1,3,1,3,1,"Kinesthetic,Visual"
321,1,0,1,0,0,1,1,0,2,3,4,1,"Kinesthetic,Visual"
323,0,1,0,1,1,1,0,1,4,2,2,2,"Kinesthetic,Visual"
325,1,0,0,1,0,0,1,0,3,2,4,1,"Kinesthetic,Visual"
327,0,1,1,1,1,0,1,0,2,2,3,1,"Kinesthetic,Visual"
329,0,1,0,1,0,1,0,1,3,1,2,2,"Kinesthetic,Visual"
331,1,0,1,0,1,0,0,1,4,1,3,2,"Kinesthetic,Visual"
401,0,1,0,1,0,1,0,1,2,4,3,1,Auditory
403,1,0,0,1,0,0,0,1,3,4,2,1,Auditory
405,0,1,0,1,1,1,1,0,1,4,2,3,Auditory
407,0,1,1,0,0,0,1,0,2,4,3,1,Auditory
409,1,0,1,0,1,1,0,1,3,4,1,2,Auditory
412,0,1,0,1,0,0,0,1,3,3,2,1,Auditory
414,0,1,1,0,1,0,0,1,2,4,1,3,Auditory
416,1,0,0,1,0,1,0,1,1,4,3,2,Auditory
418,0,1,0,1,1,1,1,0,2,4,1,3,Auditory
420,0,1,1,1,0,0,0,1,3,4,2,1,Auditory
601,0,1,0,1,0,0,0,1,2,4,3,1,Auditory
603,1,0,0,1,0,1,0,1,3,4,2,1,Auditory
605,0,1,0,1,1,0,1,0,1,4,2,3,Auditory
607,0,1,1,0,0,1,0,1,2,4,3,1,Auditory
609,1,0,1,0,0,0,1,0,3,4,1,2,Auditory
611,0,1,0,1,0,1,0,1,3,3,2,1,Auditory
613,1,0,0,1,1,0,0,1,2,4,3,1,Auditory
615,0,1,0,1,0,0,1,1,4,3,1,2,Auditory
617,0,1,1,0,1,0,0,1,2,4,1,3,Auditory
619,1,0,1,0,1,1,0,1,3,4,1,2,Auditory
701,0,1,0,1,0,1,0,1,2,3,4,1,Read/Write
703,1,0,0,1,0,0,0,1,3,2,4,1,Read/Write
705,0,1,0,1,1,1,1,0,1,2,4,3,Read/Write
707,0,1,1,0,0,0,1,0,2,3,4,1,Read/Write
709,1,0,1,0,1,1,0,1,3,1,4,2,Read/Write
711,0,1,0,1,0,0,0,1,3,2,4,1,Read/Write
713,1,0,0,1,1,0,0,1,2,1,4,3,Read/Write
715,0,1,0,1,0,1,1,0,4,1,3,2,Read/Write
717,0,1,1,0,1,0,0,1,2,3,4,1,Read/Write
719,1,0,1,0,0,0,1,0,3,1,4,1,Read/Write
721,0,1,0,1,0,1,0,1,3,2,4,1,Read/Write
723,1,0,0,1,0,1,0,1,1,3,4,2,Read/Write
725,0,1,1,0,1,1,0,1,2,2,4,2,"Kinesthetic,Read/Write"
727,1,0,0,1,1,0,1,0,4,1,3,2,Read/Write
729,0,1,0,1,0,0,1,1,3,2,4,1,Read/Write
801,0,1,0,1,0,0,1,1,3,4,3,1,"Read/Write,Auditory"
803,1,0,0,1,0,1,0,1,2,4,3,1,"Read/Write,Auditory"
805,0,1,0,1,1,0,0,1,2,4,4,2,"Read/Write,Auditory"
807,0,1,1,0,0,1,1,0,3,3,3,1,"Read/Write,Auditory"
811,0,1,0,1,0,1,1,1,3,4,2,1,"Read/Write,Auditory"
813,1,0,0,1,1,0,0,1,2,4,3,1,"Read/Write,Auditory"
817,0,1,1,0,1,0,1,0,3,4,2,1,"Read/Write,Auditory"
819,1,0,1,0,1,1,0,1,2,4,3,1,"Read/Write,Auditory"
827,1,0,0,1,1,0,1,0,3,4,3,1,"Read/Write,Auditory"
829,0,1,0,1,0,1,0,1,4,3,3,1,"Read/Write,Auditory"
831,1,0,1,0,0,1,0,1,3,4,3,1,"Read/Write,Auditory"
833,0,1,0,1,1,0,1,1,3,4,3,1,"Read/Write,Auditory"
835,1,0,0,1,0,0,0,1,2,4,3,2,"Read/Write,Auditory"
837,0,1,1,0,0,1,1,0,4,4,3,1,"Read/Write,Auditory"
839,1,0,1,0,1,0,0,1,3,4,2,1,"Read/Write,Auditory"
841,0,1,0,1,0,0,1,1,3,4,3,1,"Read/Write,Auditory"
843,1,0,0,1,1,1,0,1,2,4,3,2,"Read/Write,Auditory"
845,0,1,1,0,1,0,1,0,4,3,3,1,"Read/Write,Auditory"
901,0,1,0,1,0,1,1,0,3,3,4,2,"Kinesthetic,Read/Write"
903,1,0,0,1,0,0,0,1,2,3,4,2,"Kinesthetic,Read/Write"
905,0,1,0,1,1,1,0,1,2,4,4,1,"Kinesthetic,Read/Write"
907,0,1,1,0,0,0,1,0,3,3,4,2,"Kinesthetic,Read/Write"
909,1,0,1,0,1,0,1,0,4,3,4,2,"Kinesthetic,Read/Write"
911,0,1,0,1,0,0,1,1,3,3,4,1,"Kinesthetic,Read/Write"
913,1,0,0,1,1,0,0,1,2,4,4,1,"Kinesthetic,Read/Write"
915,0,1,0,1,0,1,0,1,4,3,3,2,"Kinesthetic,Read/Write"
917,0,1,1,0,1,1,1,0,3,4,4,1,"Kinesthetic,Read/Write"
919,1,0,1,0,0,1,0,1,2,4,3,2,"Kinesthetic,Read/Write"
927,1,0,0,1,1,0,1,0,3,3,4,2,"Kinesthetic,Read/Write"
929,0,1,0,1,0,1,0,1,4,3,4,1,"Kinesthetic,Read/Write"
931,1,0,1,0,0,0,0,1,3,3,4,2,"Kinesthetic,Read/Write"
933,0,1,0,1,1,1,1,1,3,3,4,1,"Kinesthetic,Read/Write"
935,1,0,0,1,0,0,1,1,2,4,3,2,"Kinesthetic,Read/Write"
937,0,1,1,0,0,1,0,0,4,3,4,1,"Kinesthetic,Read/Write"
939,1,0,1,0,1,1,0,1,3,4,4,1,"Kinesthetic,Read/Write"
941,0,1,0,1,0,0,1,1,3,3,4,2,"Kinesthetic,Read/Write"
943,1,0,0,1,1,0,0,1,2,4,4,2,"Kinesthetic,Read/Write"
945,0,1,1,0,1,0,1,0,4,3,3,1,"Kinesthetic,Read/Write"
1001,1,0,0,1,1,0,1,0,4,3,4,2,"Read/Write,Visual"
1003,0,1,0,1,0,1,0,1,4,2,3,1,"Read/Write,Visual"
1005,1,0,1,0,0,1,0,1,3,4,4,1,"Read/Write,Visual"
1007,0,1,1,0,1,0,1,0,4,3,3,2,"Read/Write,Visual"
1009,1,0,1,0,1,0,0,1,3,4,3,2,"Read/Write,Visual"
1011,0,1,0,1,0,0,1,1,4,2,4,1,"Read/Write,Visual"
1013,1,0,0,1,1,1,0,1,3,4,3,2,"Read/Write,Visual"
1015,0,1,0,1,0,1,1,0,4,3,3,1,"Read/Write,Visual"
1017,0,1,1,0,0,0,0,1,4,2,4,2,"Read/Write,Visual"
1019,1,0,1,0,1,1,1,0,3,4,4,1,"Read/Write,Visual"
1021,0,1,0,1,0,0,0,1,4,3,4,1,"Read/Write,Visual"
1023,1,0,0,1,0,1,1,0,4,2,3,2,"Read/Write,Visual"
1025,0,1,1,0,1,0,0,1,3,4,4,1,"Read/Write,Visual"
1027,1,0,0,1,1,1,1,0,4,3,3,2,"Read/Write,Visual"
1027,1,0,0,1,1,1,1,0,4,3,3,2,"Read/Write,Visual"
1029,0,1,0,1,0,1,0,1,3,4,4,2,"Read/Write,Visual"
1031,1,0,1,0,0,0,1,0,4,2,4,1,"Read/Write,Visual"
1033,0,1,0,1,1,0,1,1,4,3,3,1,"Read/Write,Visual"
1035,1,0,0,1,0,1,0,1,3,4,4,2,"Read/Write,Visual"
1037,0,1,1,0,1,1,0,1,4,2,3,2,"Read/Write,Visual"
1039,1,0,1,0,1,0,1,0,4,3,3,1,"Read/Write,Visual"
1041,0,1,0,1,0,0,1,1,3,4,4,2,"Read/Write,Visual"
1043,1,0,0,1,1,1,0,1,4,2,4,1,"Read/Write,Visual"
1045,0,1,1,0,0,0,0,1,4,3,3,2,"Read/Write,Visual"
1047,1,0,0,1,0,1,1,0,3,4,4,1,"Read/Write,Visual"
1049,0,1,0,1,1,0,0,1,4,3,4,1,"Read/Write,Visual"
1051,1,0,1,0,1,0,0,1,4,2,3,2,"Read/Write,Visual"
1053,0,1,0,1,0,1,1,0,3,4,4,1,"Read/Write,Visual"
1055,1,0,0,1,0,0,1,1,4,3,3,2,"Read/Write,Visual"
1055,1,0,0,1,0,0,1,1,4,3,3,2,"Read/Write,Visual"
1057,0,1,1,0,1,0,1,0,3,4,4,2,"Read/Write,Visual"
1059,1,0,1,0,0,1,0,1,4,2,4,1,"Read/Write,Visual"
1061,0,1,0,1,0,1,0,1,4,3,3,1,"Read/Write,Visual"
1063,1,0,0,1,1,1,1,0,3,4,4,2,"Read/Write,Visual"
1065,0,1,1,0,0,0,1,1,4,2,4,2,"Read/Write,Visual"
1067,1,0,1,0,1,1,0,1,4,3,3,1,"Read/Write,Visual"
1069,0,1,0,1,0,0,0,1,3,4,4,2,"Read/Write,Visual"
1071,1,0,0,1,1,0,1,0,4,2,4,1,"Read/Write,Visual"
1073,0,1,1,0,1,0,0,1,4,3,3,2,"Read/Write,Visual"
1075,1,0,0,1,0,1,1,0,3,4,4,1,"Read/Write,Visual"
1077,0,1,1,0,0,1,0,1,4,2,4,2,"Read/Write,Visual"
1079,1,0,1,0,1,0,1,0,4,3,3,1,"Read/Write,Visual"
1081,0,1,0,1,0,0,1,1,3,4,4,2,"Read/Write,Visual"
1083,1,0,0,1,0,1,0,1,4,2,4,1,"Read/Write,Visual"
1234568058,1,0,0,1,1,1,0,0,2,3,5,3,"Read/Write,Visual"
1234568059,0,1,1,0,0,0,0,1,1,4,5,3,"Read/Write,Visual"
1234568060,1,0,1,0,1,1,1,0,2,4,5,2,"Read/Write,Visual"
1234568061,0,1,0,1,0,1,0,1,1,3,5,3,"Read/Write,Visual"
1234568062,1,0,0,0,1,0,0,0,2,3,5,4,"Read/Write,Visual"
1234568063,0,1,1,1,1,1,1,0,1,4,5,2,"Read/Write,Visual"
1234568064,1,0,0,1,0,0,1,0,2,3,5,3,"Read/Write,Visual"
1234568065,0,1,1,0,1,0,0,1,1,4,5,3,"Read/Write,Visual"
1234568066,1,0,1,1,0,1,0,0,2,4,5,2,"Read/Write,Visual"
1234568067,0,1,0,0,0,1,1,0,1,3,5,4,"Read/Write,Visual"
1234568068,1,0,1,0,1,0,1,1,2,4,5,2,"Read/Write,Visual"
1234568069,0,1,0,1,1,0,0,1,1,3,5,3,"Read/Write,Visual"
1234568070,1,0,0,0,0,1,1,0,2,3,5,4,"Read/Write,Visual"
1234568071,0,1,1,1,0,0,0,1,1,4,5,2,"Read/Write,Visual"
1234568058,1,0,0,1,1,1,0,0,2,3,5,3,"Read/Write,Visual"
1234568059,0,1,1,0,0,0,0,1,1,4,5,3,"Read/Write,Visual"
1234568060,1,0,1,0,1,1,1,0,2,4,5,2,"Read/Write,Visual"
1234568061,0,1,0,1,0,1,0,1,1,3,5,3,"Read/Write,Visual"
1234568062,1,0,0,0,1,0,0,0,2,3,5,4,"Read/Write,Visual"
1234568063,0,1,1,1,1,1,1,0,1,4,5,2,"Read/Write,Visual"
1234568064,1,0,0,1,0,0,1,0,2,3,5,3,"Read/Write,Visual"
1234568065,0,1,1,0,1,0,0,1,1,4,5,3,"Read/Write,Visual"
1234568066,1,0,1,1,0,1,0,0,2,4,5,2,"Read/Write,Visual"
1234568067,0,1,0,0,0,1,1,0,1,3,5,4,"Read/Write,Visual"
1234568068,1,0,1,0,1,0,1,1,2,4,5,2,"Read/Write,Visual"
1234568069,0,1,0,1,1,0,0,1,1,3,5,3,"Read/Write,Visual"
1234568070,1,0,0,0,0,1,1,0,2,3,5,4,"Read/Write,Visual"
1234568071,0,1,1,1,0,0,0,1,1,4,5,2,"Read/Write,Visual"
1111,1,0,1,0,1,0,0,1,4,3,3,1,"Read/Write,Visual"
1113,0,1,0,1,0,1,1,0,3,4,4,2,"Read/Write,Visual"
1115,1,0,0,1,1,0,1,0,4,2,4,1,"Read/Write,Visual"
1117,0,1,1,0,0,1,0,1,4,3,3,2,"Read/Write,Visual"
1119,1,0,1,0,0,0,1,1,3,4,4,1,"Read/Write,Visual"
1121,0,1,0,1,1,1,1,0,4,2,4,1,"Read/Write,Visual"
1123,1,0,0,1,0,0,0,1,4,3,3,2,"Read/Write,Visual"
1125,0,1,0,1,0,1,0,1,2,3,4,4,Kinesthetic
1127,1,0,1,0,1,0,1,0,3,2,4,4,Kinesthetic
1129,0,1,1,0,0,0,0,1,2,3,4,4,Kinesthetic
1131,1,0,0,1,0,1,1,0,3,2,3,4,Kinesthetic
1133,0,1,0,1,1,0,0,1,2,4,3,4,Kinesthetic
1135,1,0,1,0,0,1,1,0,4,2,3,4,Kinesthetic
1137,0,1,0,1,0,0,0,1,3,4,2,4,Kinesthetic
1141,0,1,0,1,0,1,1,0,3,4,1,4,Kinesthetic
1155,1,0,0,1,0,0,0,1,4,2,3,4,Kinesthetic
1157,0,1,1,0,1,0,1,0,2,3,4,4,Kinesthetic
1159,1,0,1,0,1,0,0,1,3,4,2,4,Kinesthetic
1161,0,1,0,1,0,1,1,0,4,3,1,4,Kinesthetic
1163,1,0,0,1,1,1,1,0,2,4,3,4,Kinesthetic
1165,0,1,1,0,0,0,1,1,3,2,4,4,Kinesthetic
1167,1,0,1,0,0,1,0,1,4,3,2,4,Kinesthetic
1169,0,1,0,1,1,0,0,1,3,4,1,4,Kinesthetic
1171,1,0,0,1,0,1,1,0,2,4,3,4,Kinesthetic
1175,1,0,0,1,0,1,0,1,3,4,3,2,Auditory
1177,0,1,1,0,1,0,1,0,2,4,3,1,Auditory
1179,1,0,1,0,0,0,1,1,3,4,2,2,Auditory
1181,0,1,0,1,0,1,0,1,2,4,4,1,Auditory
1183,1,0,0,1,1,0,0,1,3,4,3,2,Auditory
1185,0,1,1,0,0,1,1,0,2,4,4,1,Auditory
1187,1,0,1,0,1,0,1,0,3,4,2,2,Auditory
1189,0,1,0,1,0,0,0,1,2,4,4,1,Auditory
1191,1,0,0,1,0,1,1,0,4,3,3,2,Auditory
1193,0,1,1,0,1,1,0,1,3,4,2,1,Auditory
1195,1,0,1,0,0,0,0,1,4,3,2,1,Auditory
1197,0,1,0,1,1,0,1,0,2,4,3,1,Auditory
1199,1,0,0,1,0,1,0,1,3,4,2,2,Auditory
1201,0,1,1,0,0,1,1,0,4,3,2,1,Auditory
1203,1,0,1,0,1,1,0,1,2,4,3,1,Auditory
1203,1,0,1,0,1,1,0,1,2,4,3,1,Auditory
1205,0,1,0,1,0,0,0,1,3,4,2,1,Auditory
1207,1,0,0,1,1,0,1,0,4,3,2,2,Auditory
1209,0,1,1,0,1,0,0,1,2,4,3,1,Auditory
1211,1,0,1,0,0,1,1,0,3,4,2,2,Auditory
1213,0,1,0,1,0,1,0,1,4,3,2,1,Auditory
1215,1,0,0,1,0,0,1,1,3,4,3,1,Auditory
1217,0,1,1,0,0,1,0,1,2,4,2,2,Auditory
1219,1,0,0,1,1,0,0,1,3,4,4,4,"Kinesthetic,Auditory"
1221,0,1,1,0,0,0,1,1,2,4,4,4,"Kinesthetic,Auditory"
1223,1,0,1,0,0,1,0,1,4,3,4,4,"Kinesthetic,Auditory"
1225,0,1,0,1,1,1,0,1,3,4,4,4,"Kinesthetic,Auditory"
1227,1,0,0,1,0,0,1,0,2,4,4,4,"Kinesthetic,Auditory"
1229,0,1,1,0,1,0,1,0,4,3,4,4,"Kinesthetic,Auditory"
1231,1,0,1,0,1,1,1,1,3,4,4,4,"Kinesthetic,Auditory"
1233,0,1,0,1,0,1,0,1,2,4,4,4,"Kinesthetic,Auditory"
1235,1,0,0,1,1,0,0,1,4,3,4,4,"Kinesthetic,Auditory"
1237,0,1,1,0,0,1,1,0,3,4,4,4,"Kinesthetic,Auditory"
1239,1,0,1,0,0,0,0,1,2,4,4,4,"Kinesthetic,Auditory"
1241,0,1,0,1,1,0,1,0,4,3,4,4,"Kinesthetic,Auditory"
1243,1,0,0,1,0,1,1,0,3,4,4,4,"Kinesthetic,Auditory"
1245,0,1,1,0,1,1,0,1,2,4,4,4,"Kinesthetic,Auditory"
1247,1,0,1,0,1,0,1,1,4,3,4,4,"Kinesthetic,Auditory"
1249,0,1,0,1,0,0,0,1,3,4,4,4,"Kinesthetic,Auditory"
1251,1,0,0,1,0,1,0,1,2,4,4,4,"Kinesthetic,Auditory"
1253,0,1,1,0,1,1,1,0,4,3,4,4,"Kinesthetic,Auditory"
1255,1,0,1,0,0,0,1,1,3,4,4,4,"Kinesthetic,Auditory"
1257,0,1,0,1,0,1,0,1,2,4,4,4,"Kinesthetic,Auditory"
1259,1,0,0,1,1,1,0,1,4,3,4,4,"Kinesthetic,Auditory"
1261,0,1,1,0,0,0,0,1,3,4,4,4,"Kinesthetic,Auditory"
1263,1,0,1,0,1,0,1,0,2,4,4,4,"Kinesthetic,Auditory"
1265,0,1,0,1,0,1,1,0,4,3,4,4,"Kinesthetic,Auditory"
1277,1,0,0,1,0,1,1,0,3,4,4,2,Read/Write
1279,0,1,1,0,0,0,0,1,2,4,4,1,Read/Write
1281,1,0,1,0,1,0,0,1,4,3,4,2,Read/Write
1283,0,1,0,1,1,1,0,1,2,4,4,1,Read/Write
1285,1,0,0,1,0,1,0,1,3,4,4,2,Read/Write
1287,0,1,1,0,1,0,1,0,4,3,4,1,Read/Write
1289,1,0,1,0,0,1,1,0,2,4,4,2,Read/Write
1291,0,1,0,1,0,0,1,1,4,3,4,1,Read/Write
1293,1,0,0,1,1,0,0,1,3,4,4,2,Read/Write
1295,0,1,1,0,0,1,0,1,2,4,4,1,Read/Write
1297,1,0,1,0,1,1,1,0,4,3,4,2,Read/Write
1299,0,1,0,1,0,1,0,1,3,4,4,2,Read/Write
1301,1,0,0,1,0,0,0,1,2,4,4,1,Read/Write
1303,0,1,1,0,1,1,1,0,4,3,4,1,Read/Write
1305,1,0,1,0,0,0,1,1,3,4,4,2,Read/Write
1307,0,1,0,1,1,0,0,1,2,4,4,1,Read/Write
1307,0,1,0,1,1,0,0,1,2,4,4,1,Read/Write
1309,1,0,0,1,1,1,0,1,4,3,4,2,Read/Write
1311,0,1,1,0,0,0,1,1,2,4,4,1,Read/Write
1313,1,0,1,0,0,1,0,1,3,4,4,2,Read/Write
1315,0,1,0,1,0,1,1,0,4,3,4,1,Read/Write
1317,1,0,0,1,1,0,1,0,2,4,4,2,Read/Write
1319,0,1,1,0,1,0,0,1,4,3,4,1,Read/Write
1321,1,0,1,0,1,1,0,1,3,4,4,2,Read/Write
1323,0,1,0,1,0,0,1,1,2,4,4,1,Read/Write
1325,1,0,0,1,0,1,1,0,4,3,4,2,Read/Write
1327,0,1,1,0,1,1,1,0,2,4,4,1,Read/Write
1329,1,0,1,0,0,0,0,1,3,4,4,2,Read/Write
1331,0,1,0,1,1,0,0,1,2,4,4,1,Read/Write
1333,1,0,0,1,0,1,0,1,4,3,4,2,Read/Write
1335,0,1,1,0,0,1,1,0,2,4,4,1,Read/Write
1234568087,0,0,1,0,1,0,1,0,4,2,3,4,"Kinesthetic,Visual"
1234568088,1,1,0,1,0,1,0,0,5,2,3,3,"Kinesthetic,Visual"
1234568089,0,0,1,0,0,0,1,1,4,2,3,4,"Kinesthetic,Visual"
1234568090,1,1,0,0,1,0,0,0,5,2,3,3,"Kinesthetic,Visual"
1234568091,0,0,1,1,0,1,0,0,4,2,3,3,"Kinesthetic,Visual"
1234568092,1,1,0,0,0,1,1,0,5,2,3,2,"Kinesthetic,Visual"
1234568093,0,0,1,0,1,1,1,0,4,2,3,4,"Kinesthetic,Visual"
1234568094,1,1,0,1,0,0,0,1,5,2,3,3,"Kinesthetic,Visual"
1234568095,0,0,1,1,1,0,0,0,4,2,3,3,"Kinesthetic,Visual"
1234568096,1,1,0,0,0,1,1,0,5,2,3,2,"Kinesthetic,Visual"
1234568097,0,0,1,0,0,1,1,1,4,2,3,4,"Kinesthetic,Visual"
1234568098,1,1,0,1,1,0,0,0,5,2,3,3,"Kinesthetic,Visual"
1234568099,0,0,1,0,1,0,0,1,4,2,3,4,"Kinesthetic,Visual"
1234568100,1,1,0,0,0,1,1,0,5,2,3,2,"Kinesthetic,Visual"
1234568102,1,1,0,0,1,0,0,0,5,2,3,3,"Kinesthetic,Visual"
1234568103,0,0,1,1,1,1,0,0,4,2,3,2,"Kinesthetic,Visual"
1234568104,1,1,0,1,0,1,1,0,5,2,3,3,"Kinesthetic,Visual"
1234568105,0,0,1,0,0,0,1,1,4,2,3,4,"Kinesthetic,Visual"
1234568106,1,1,0,0,1,1,0,0,5,2,3,2,"Kinesthetic,Visual"
1234568107,0,0,1,1,0,0,1,0,4,2,3,3,"Kinesthetic,Visual"
1234568108,1,1,0,1,1,0,0,1,5,2,3,3,"Kinesthetic,Visual"
1234568109,0,0,1,0,1,1,1,0,4,2,3,2,"Kinesthetic,Visual"
1234568110,1,1,0,0,0,0,0,1,5,2,3,4,"Kinesthetic,Visual"
1234568111,0,0,1,1,0,1,0,0,4,2,3,3,"Kinesthetic,Visual"
1234568112,1,1,0,0,1,0,1,0,5,2,3,2,"Kinesthetic,Visual"
1234568113,0,0,1,1,1,1,1,0,4,2,3,3,"Kinesthetic,Visual"
1234568114,1,1,0,1,0,0,0,1,5,2,3,4,"Kinesthetic,Visual"
1234568115,0,0,1,0,0,1,1,0,4,2,3,3,"Kinesthetic,Visual"
1234568116,1,1,0,0,1,1,0,0,5,2,3,2,"Kinesthetic,Visual"
1234568118,1,0,0,0,0,1,0,1,5,2,3,4,"Kinesthetic,Visual"
1234568119,0,1,1,0,1,0,1,0,4,2,3,3,"Kinesthetic,Visual"
1234568120,1,0,0,1,0,0,0,1,5,2,3,2,"Kinesthetic,Visual"
1234568121,0,1,1,1,1,1,0,0,4,2,3,3,"Kinesthetic,Visual"
1234568122,1,0,0,0,1,1,1,0,5,2,3,4,"Kinesthetic,Visual"
1234568123,0,1,1,0,0,0,0,1,4,2,3,3,"Kinesthetic,Visual"
1234568124,1,0,0,1,1,0,1,0,5,2,3,2,"Kinesthetic,Visual"
1234568125,0,1,1,0,1,1,0,1,4,2,3,4,"Kinesthetic,Visual"
343,1,0,1,0,0,1,0,1,3,2,4,4,"Kinesthetic,Read/Write"
344,0,1,0,1,1,0,1,0,2,4,3,1,"Read/Write,Auditory"
345,1,0,0,1,0,0,1,0,4,2,1,3,"Kinesthetic,Read/Write"
346,0,1,1,0,1,1,1,0,3,3,4,2,"Read/Write,Auditory"
347,1,0,0,1,1,0,0,1,2,4,3,4,"Kinesthetic,Read/Write"
348,0,1,1,0,0,0,0,1,1,4,3,2,"Read/Write,Auditory"
349,1,0,1,0,0,1,1,0,3,2,2,4,"Kinesthetic,Read/Write"
350,0,1,0,1,1,1,0,0,4,3,4,1,"Read/Write,Auditory"
351,1,0,0,1,0,0,1,0,2,1,3,3,"Kinesthetic,Read/Write"
352,0,1,1,0,0,1,1,0,1,4,4,2,"Read/Write,Auditory"
353,1,0,1,0,1,0,0,1,5,2,2,4,"Kinesthetic,Read/Write"
354,0,1,0,1,0,1,1,0,3,4,3,1,"Read/Write,Auditory"
355,1,0,0,1,1,0,1,0,4,1,4,3,"Kinesthetic,Read/Write"
356,0,1,1,0,0,0,0,1,2,3,4,2,"Read/Write,Auditory"
357,1,0,1,0,1,0,1,0,3,1,3,4,"Kinesthetic,Read/Write"
358,0,1,0,1,0,1,0,1,1,2,4,3,"Read/Write,Auditory"
359,0,1,1,0,1,1,0,1,4,3,2,1,"Kinesthetic,Visual"
325,0,1,1,0,1,0,1,0,4,3,2,1,"Auditory,Visual"
326,1,0,0,1,1,0,1,0,5,2,1,2,Visual
327,0,1,0,1,0,1,1,0,3,4,1,2,"Auditory,Visual"
328,1,0,1,0,1,0,0,1,5,2,3,1,Visual
329,0,1,1,0,0,1,0,1,2,4,1,3,"Auditory,Visual"
330,1,0,0,1,0,0,1,0,5,3,1,2,Visual
331,0,1,0,1,1,1,0,0,2,4,1,3,"Auditory,Visual"
332,1,0,1,0,1,0,0,1,5,2,1,2,Visual
333,0,1,0,1,0,1,1,0,3,4,1,2,"Auditory,Visual"
334,1,0,0,1,1,0,1,0,3,4,3,1,"Auditory,Visual"
335,0,1,1,0,1,0,1,0,2,4,1,3,"Auditory,Visual"
336,1,0,0,1,0,0,1,0,5,3,1,2,Visual
337,0,1,0,1,0,1,1,0,2,5,1,2,Auditory
338,1,0,1,0,1,0,0,1,5,2,3,1,Visual
339,0,1,1,0,0,1,0,1,2,4,1,3,"Auditory,Visual"
340,1,0,0,1,0,0,1,0,5,3,1,2,Visual
341,0,1,0,1,1,1,0,0,3,4,3,2,"Auditory,Visual"
342,1,0,1,0,1,0,0,1,5,2,3,1,Visual
1234568128,0,0,0,1,0,1,0,1,2,2,4,4,"Kinesthetic,Read/Write"
1234568129,1,1,1,0,1,0,1,0,3,2,4,3,"Kinesthetic,Read/Write"
1234568130,0,0,0,1,1,1,0,0,2,2,4,4,"Kinesthetic,Read/Write"
1234568131,1,1,1,0,0,0,1,1,3,2,4,3,"Kinesthetic,Read/Write"
1234568132,0,0,0,0,0,1,1,1,2,2,4,4,"Kinesthetic,Read/Write"
1234568133,1,1,1,1,1,0,0,0,3,2,4,3,"Kinesthetic,Read/Write"
1234568134,0,0,0,0,1,0,0,1,2,2,4,4,"Kinesthetic,Read/Write"
1234568135,1,1,1,1,0,1,1,0,3,2,4,3,"Kinesthetic,Read/Write"
1234568136,0,0,0,1,0,1,1,0,2,2,4,4,"Kinesthetic,Read/Write"
1234568137,1,1,1,0,1,0,0,1,3,2,4,3,"Kinesthetic,Read/Write"
1234568138,0,0,0,1,1,0,1,1,2,2,4,4,"Kinesthetic,Read/Write"
1234568139,1,1,1,0,0,1,0,0,3,2,4,3,"Kinesthetic,Read/Write"
1234568140,0,0,0,0,0,0,0,1,2,2,4,4,"Kinesthetic,Read/Write"
1234568141,1,1,1,1,1,1,1,0,3,2,4,3,"Kinesthetic,Read/Write"
1234568143,1,0,1,0,0,0,0,1,2,4,4,3,"Read/Write,Auditory"
1234568144,0,1,0,1,1,1,1,0,3,4,4,2,"Read/Write,Auditory"
1234568145,1,0,1,0,1,0,0,0,2,4,4,3,"Read/Write,Auditory"
1234568146,0,1,0,1,0,1,1,1,3,4,4,2,"Read/Write,Auditory"
1234568147,1,0,1,1,1,0,1,0,2,4,4,2,"Read/Write,Auditory"
1234568148,0,1,0,0,0,1,0,1,3,4,4,3,"Read/Write,Auditory"
1234568149,1,0,1,0,0,0,1,0,2,4,4,3,"Read/Write,Auditory"
1234568150,0,1,0,1,1,1,0,1,3,4,4,2,"Read/Write,Auditory"
1234568151,1,0,1,1,0,0,0,0,2,4,4,3,"Read/Write,Auditory"
1234568152,0,1,0,0,1,0,1,1,3,4,4,2,"Read/Write,Auditory"
1234568153,1,0,1,0,1,1,1,0,2,4,4,2,"Read/Write,Auditory"
1234568154,0,1,0,1,0,0,0,1,3,4,4,3,"Read/Write,Auditory"
1234568155,1,0,1,1,1,1,0,0,2,4,4,2,"Read/Write,Auditory"
1234568156,0,1,0,0,0,1,1,1,3,4,4,2,"Read/Write,Auditory"
1234568158,1,0,0,1,0,0,1,0,5,2,3,2,Visual
1234568159,0,1,1,0,1,1,0,1,4,2,3,3,Visual
1234568160,1,0,0,0,1,0,1,0,5,2,3,2,Visual
1234568161,0,1,1,1,0,0,0,1,4,2,3,3,Visual
1234568162,1,0,0,1,1,1,1,0,5,2,3,1,Visual
1234568163,0,1,1,0,0,0,1,1,4,2,3,2,Visual
1234568164,1,0,0,0,0,1,0,0,5,2,3,3,Visual
1234568165,0,1,1,1,1,0,1,1,4,2,3,2,Visual
1234568166,1,0,0,1,0,1,0,0,5,2,3,2,Visual
1234568167,0,1,1,0,1,0,1,1,4,2,3,3,Visual
1234568168,1,0,0,0,1,1,0,0,5,2,3,1,Visual
1234568169,0,1,1,1,0,1,1,1,4,2,3,2,Visual
1234568170,1,0,0,1,1,0,0,1,5,2,3,3,Visual
1234568171,0,1,1,0,0,1,0,0,4,2,3,2,Visual
1234568172,1,0,0,0,0,0,1,1,5,2,3,2,Visual
1234568173,1,1,0,0,0,0,1,0,4,4,3,2,"Auditory,Visual"
1234568174,0,0,1,1,1,1,0,1,3,4,3,2,"Auditory,Visual"
1234568175,1,1,0,1,0,1,0,0,4,4,3,2,"Auditory,Visual"
1234568176,0,0,1,0,1,0,1,1,3,4,3,2,"Auditory,Visual"
1234568177,1,1,0,0,1,1,1,0,4,4,3,1,"Auditory,Visual"
1234568178,0,0,1,1,0,0,0,1,3,4,3,2,"Auditory,Visual"
1234568179,1,1,0,1,1,0,1,0,4,4,3,2,"Auditory,Visual"
1234568180,0,0,1,0,0,1,0,1,3,4,3,2,"Auditory,Visual"
1234568181,1,1,0,0,0,0,0,0,4,4,3,2,"Auditory,Visual"
1234568182,0,0,1,1,1,1,1,1,3,4,3,1,"Auditory,Visual"
1234568183,1,1,0,1,0,0,1,0,4,4,3,2,"Auditory,Visual"
1234568184,0,0,1,0,1,1,0,1,3,4,3,2,"Auditory,Visual"
1234568185,1,1,0,0,1,0,1,0,4,4,3,1,"Auditory,Visual"
1234568186,0,0,1,1,0,1,0,1,3,4,3,2,"Auditory,Visual"
1234568187,1,1,0,0,0,1,1,0,4,4,3,2,"Auditory,Visual"
1234568187,1,0,0,1,0,0,1,1,3,4,3,1,Auditory
1234568187,1,0,0,1,0,0,1,1,3,4,3,1,Auditory
1234568187,1,0,0,1,0,0,1,1,3,4,3,1,Auditory
1234568187,1,0,0,1,0,0,1,1,3,4,3,1,Auditory
1234568187,1,0,0,1,0,0,1,1,3,4,3,1,Auditory
1234568187,1,0,0,1,0,0,1,1,3,4,3,1,Auditory
1234568187,1,0,0,1,0,0,1,1,3,4,3,1,Auditory
1234568187,1,0,0,1,0,0,1,1,3,4,3,1,Auditory
1234568187,1,0,0,1,0,0,1,1,3,4,3,1,Auditory
1234568187,1,0,0,1,0,0,1,1,3,4,3,1,Auditory
1234568187,1,0,0,1,0,0,1,1,3,4,3,1,Auditory
1234568187,1,0,0,1,0,0,1,1,3,4,3,1,Auditory
1234568187,1,0,0,1,0,0,1,1,3,4,3,1,Auditory
1234568187,1,0,0,1,0,0,1,1,3,4,3,1,Auditory
1234568187,1,0,0,1,0,0,1,1,3,4,3,1,Auditory
1234568187,1,0,0,1,0,0,1,1,3,4,3,1,Auditory
1234568187,1,0,0,1,0,0,1,1,3,4,3,1,Auditory
1234568187,1,0,0,1,0,0,1,1,3,4,3,1,Auditory
1234568187,1,0,0,1,0,0,1,1,3,4,3,1,Auditory
1234568187,0,1,1,0,1,0,0,1,3,4,2,1,"Kinesthetic,Auditory"
1234568187,0,1,1,0,1,0,0,1,3,4,2,1,"Kinesthetic,Auditory"
1234568187,0,1,1,0,1,0,0,1,3,4,2,1,"Kinesthetic,Auditory"
1234568187,0,1,1,0,1,0,0,1,3,4,2,1,"Kinesthetic,Auditory"
1234568187,0,1,1,0,1,0,0,1,3,4,2,1,"Kinesthetic,Auditory"
1234568187,0,1,1,0,1,0,0,1,3,4,2,1,"Kinesthetic,Auditory"
1234568187,0,1,1,0,1,0,0,1,3,4,2,1,"Kinesthetic,Auditory"
1234568187,0,1,1,0,1,0,0,1,3,4,2,1,"Kinesthetic,Auditory"
1234568187,0,1,1,0,1,0,0,1,3,4,2,1,"Kinesthetic,Auditory"
1234568187,0,1,1,0,1,0,0,1,3,4,2,1,"Kinesthetic,Auditory"
1234568187,0,1,1,0,1,0,0,1,3,4,2,1,"Kinesthetic,Auditory"
1234568187,0,1,1,0,1,0,0,1,3,4,2,1,"Kinesthetic,Auditory"
1234568187,0,1,1,0,1,0,0,1,3,4,2,1,"Kinesthetic,Auditory"
1234568187,0,1,1,0,1,0,0,1,3,4,2,1,"Kinesthetic,Auditory"
1234568187,0,1,1,0,1,0,0,1,3,4,2,1,"Kinesthetic,Auditory"
1234568187,0,1,1,0,1,0,0,1,3,4,2,1,"Kinesthetic,Auditory"
1234568187,0,1,1,0,1,0,0,1,3,4,2,1,"Kinesthetic,Auditory"
1234568187,0,1,1,0,1,0,0,1,3,4,2,1,"Kinesthetic,Auditory"
1234568187,0,1,1,0,1,0,0,1,3,4,2,1,"Kinesthetic,Auditory"
1234568187,0,1,1,0,0,0,0,0,3,4,2,1,"Kinesthetic,Visual"
1234568187,0,1,1,0,0,0,0,0,2,3,4,1,"Kinesthetic,Visual"
1234568187,0,1,1,0,0,0,0,0,3,2,4,1,"Kinesthetic,Visual"
1234568187,0,1,1,0,0,0,0,0,4,3,2,1,"Kinesthetic,Visual"
1234568187,0,1,1,0,0,0,0,0,3,4,2,1,"Kinesthetic,Visual"
1234568187,0,1,1,0,0,0,0,0,4,1,3,1,"Kinesthetic,Visual"
1234568187,0,1,1,0,0,0,0,0,3,2,4,1,"Kinesthetic,Visual"
1234568187,0,1,1,0,0,0,0,0,2,4,3,1,"Kinesthetic,Visual"
1234568187,0,1,1,0,0,0,0,0,4,1,3,1,"Kinesthetic,Visual"
1234568187,0,1,1,0,0,0,0,0,3,2,4,1,"Kinesthetic,Visual"
1234568187,0,1,1,0,0,0,0,0,2,4,3,1,"Kinesthetic,Visual"
1234568187,0,1,1,0,0,0,0,0,3,4,2,1,"Kinesthetic,Visual"
1234568187,0,1,1,0,0,0,0,0,2,3,4,1,"Kinesthetic,Visual"
1234568187,0,1,1,0,0,0,0,0,3,2,4,1,"Kinesthetic,Visual"
1234568187,0,1,1,0,0,0,0,0,4,3,2,1,"Kinesthetic,Visual"
1234568187,0,1,1,0,0,0,0,0,3,4,2,1,"Kinesthetic,Visual"
1234568187,0,1,1,0,0,0,0,0,4,1,3,1,"Kinesthetic,Visual"
1234568187,0,1,1,0,0,0,0,0,3,2,4,1,"Kinesthetic,Visual"
1234568187,0,1,1,0,0,0,0,0,2,4,3,1,"Kinesthetic,Visual"
1234568187,0,1,1,0,1,1,0,1,1,4,2,3,Kinesthetic
1234568187,0,1,1,0,1,1,0,1,1,4,2,3,Kinesthetic
1234568187,0,1,1,0,1,1,0,1,1,4,2,3,Kinesthetic
1234568187,0,1,1,0,1,1,0,1,1,4,2,3,Kinesthetic
1234568187,0,1,1,0,1,1,0,1,1,4,2,3,Kinesthetic
1234568187,0,1,1,0,1,1,0,1,1,4,2,3,Kinesthetic
1234568187,0,1,1,0,1,1,0,1,1,4,2,3,Kinesthetic
1234568187,0,1,1,0,1,1,0,1,1,4,2,3,Kinesthetic
1234568187,0,1,1,0,1,1,0,1,1,4,2,3,Kinesthetic
1234568187,0,1,1,0,1,1,0,1,1,4,2,3,Kinesthetic
1234568187,0,1,1,0,1,1,0,1,1,4,2,3,Kinesthetic
1234568187,0,1,1,0,1,1,0,1,1,4,2,3,Kinesthetic
1234568187,0,1,1,0,1,1,0,1,1,4,2,3,Kinesthetic
1234568187,0,1,1,0,1,1,0,1,1,4,2,3,Kinesthetic
1234568187,0,1,1,0,1,1,0,1,1,4,2,3,Kinesthetic
1234568187,0,1,1,0,1,1,0,1,1,4,2,3,Kinesthetic
1234568187,0,1,1,0,1,1,0,1,1,4,2,3,Kinesthetic
1234568187,0,1,1,0,1,1,0,1,1,4,2,3,Kinesthetic
1234568187,0,1,1,0,1,1,0,1,1,4,2,3,Kinesthetic
1234568187,0,1,1,0,1,1,0,1,1,4,2,3,Kinesthetic
1234568187,1,0,0,1,0,1,1,0,4,3,4,2,Read/Write
1234568187,1,0,0,1,0,1,1,0,4,3,4,2,Read/Write
1234568187,1,0,0,1,0,1,1,0,4,3,4,2,Read/Write
1234568187,1,0,0,1,0,1,1,0,4,3,4,2,Read/Write
1234568187,1,0,0,1,0,1,1,0,4,3,4,2,Read/Write
1234568187,1,0,0,1,0,1,1,0,4,3,4,2,Read/Write
1234568187,1,0,0,1,0,1,1,0,4,3,4,2,Read/Write
1234568187,1,0,0,1,0,1,1,0,4,3,4,2,Read/Write
1234568187,1,0,0,1,0,1,1,0,4,3,4,2,Read/Write
1234568187,1,0,0,1,0,1,1,0,4,3,4,2,Read/Write
1234568187,1,0,0,1,0,1,1,0,4,3,4,2,Read/Write
1234568187,1,0,0,1,0,1,1,0,4,3,4,2,Read/Write
1234568187,1,0,0,1,0,1,1,0,4,3,4,2,Read/Write
1234568187,1,0,0,1,0,1,1,0,4,3,4,2,Read/Write
1234568187,1,0,0,1,0,1,1,0,4,3,4,2,Read/Write
1234568187,1,0,0,1,0,1,1,0,4,3,4,2,Read/Write
1234568187,1,0,0,1,0,1,1,0,4,3,4,2,Read/Write
1234568187,1,0,0,1,0,1,1,0,4,3,4,2,Read/Write
1234568187,1,0,0,1,0,1,1,0,4,3,4,2,Read/Write
1234568187,1,0,0,1,0,1,1,0,4,3,4,2,Read/Write
1234568187,1,0,0,1,1,0,1,0,3,4,1,2,"Read/Write,Visual"
1234568187,1,0,1,0,1,0,1,0,4,3,2,1,"Read/Write,Visual"
1234568187,1,1,0,0,1,0,1,0,4,2,3,1,"Read/Write,Visual"
1234568187,1,0,0,1,1,0,1,0,4,3,2,2,"Read/Write,Visual"
1234568187,1,0,1,0,1,0,1,0,3,4,1,2,"Read/Write,Visual"
1234568187,1,0,1,0,1,0,1,0,4,3,1,2,"Read/Write,Visual"
1234568187,1,1,0,0,1,0,1,0,3,2,4,1,"Read/Write,Visual"
1234568187,1,0,0,1,1,0,1,0,4,1,3,2,"Read/Write,Visual"
1234568187,1,0,1,0,1,0,1,0,3,4,2,1,"Read/Write,Visual"
1234568187,1,1,0,0,1,0,1,0,2,3,4,1,"Read/Write,Visual"
1234568187,1,0,0,1,1,0,1,0,3,4,1,2,"Read/Write,Visual"
1234568187,1,0,1,0,1,0,1,0,4,3,1,2,"Read/Write,Visual"
1234568187,1,1,0,0,1,0,1,0,3,2,4,1,"Read/Write,Visual"
1234568187,1,0,0,1,1,0,1,0,4,1,3,2,"Read/Write,Visual"
1234568187,1,0,1,0,1,0,1,0,3,4,2,1,"Read/Write,Visual"
1234568187,1,1,0,0,1,0,1,0,2,3,4,1,"Read/Write,Visual"
1234568187,1,0,0,1,1,0,1,0,3,4,1,2,"Read/Write,Visual"
1234568187,1,0,1,0,1,0,1,0,4,3,1,2,"Read/Write,Visual"
1234568187,1,1,0,0,1,0,1,0,3,2,4,1,"Read/Write,Visual"
1234568187,1,0,0,1,1,0,1,0,4,1,3,2,"Read/Write,Visual"
1234568187,1,0,1,0,1,0,1,0,3,4,2,1,"Read/Write,Visual"
1234568187,0,1,0,1,0,1,1,0,3,3,4,2,"Kinesthetic,Read/Write"
1234568187,1,0,0,1,0,0,0,1,2,3,4,2,"Kinesthetic,Read/Write"
1234568187,1,1,0,1,0,0,1,0,3,2,4,3,"Kinesthetic,Read/Write"
1234568187,0,0,1,1,0,1,1,0,4,2,3,2,"Kinesthetic,Read/Write"
1234568187,1,0,1,0,1,0,0,1,3,3,4,2,"Kinesthetic,Read/Write"
1234568187,0,1,0,1,0,1,0,1,2,4,3,2,"Kinesthetic,Read/Write"
1234568187,0,1,1,0,1,0,0,1,3,2,4,3,"Kinesthetic,Read/Write"
1234568187,1,0,0,1,0,1,1,0,2,3,4,2,"Kinesthetic,Read/Write"
1234568187,1,0,1,0,0,1,1,0,3,4,2,3,"Kinesthetic,Read/Write"
1234568187,0,1,1,0,0,1,0,1,4,3,2,2,"Kinesthetic,Read/Write"
1234568187,0,1,0,1,0,0,1,1,3,2,4,2,"Kinesthetic,Read/Write"
1234568187,1,0,0,1,0,1,0,1,4,2,3,2,"Kinesthetic,Read/Write"
1234568187,0,1,0,1,1,0,1,0,3,3,4,2,"Kinesthetic,Read/Write"
1234568187,1,0,1,0,0,1,0,1,2,4,3,2,"Kinesthetic,Read/Write"
1234568187,0,1,0,1,1,0,0,1,4,3,2,3,"Kinesthetic,Read/Write"
1234568187,1,0,1,0,1,0,1,0,2,3,4,2,"Kinesthetic,Read/Write"
1234568187,0,1,0,1,0,1,0,1,3,4,2,3,"Kinesthetic,Read/Write"
1234568187,1,0,0,1,1,0,1,0,4,2,3,2,"Kinesthetic,Read/Write"
1234568187,0,1,1,0,0,1,1,0,3,4,2,3,"Kinesthetic,Read/Write"
1234568187,1,0,0,1,0,1,1,0,2,3,4,2,"Kinesthetic,Read/Write"
1234568187,1,0,1,0,0,1,0,1,3,2,4,2,"Kinesthetic,Read/Write"
1234568187,0,1,1,0,1,0,1,0,4,3,2,3,"Kinesthetic,Read/Write"
1234568187,1,0,0,1,0,1,0,1,3,4,2,2,"Kinesthetic,Read/Write"
1234568187,0,1,0,1,1,0,0,1,2,3,4,2,"Kinesthetic,Read/Write"
1234568187,1,0,1,0,0,1,1,0,3,4,2,2,"Kinesthetic,Read/Write"
1234568187,0,1,0,1,0,1,1,0,4,2,3,3,"Kinesthetic,Read/Write"
1234568187,1,0,0,1,1,0,0,1,3,2,4,2,"Kinesthetic,Read/Write"
1234568187,0,1,1,0,0,1,1,0,2,3,4,2,"Kinesthetic,Read/Write"
1234568187,1,0,1,0,1,0,0,1,4,2,3,2,"Kinesthetic,Read/Write"
1234568187,0,1,0,1,0,1,0,1,3,4,2,3,"Kinesthetic,Read/Write"
1234568187,1,0,1,0,0,1,0,1,4,2,3,2,"Kinesthetic,Read/Write"
1234568187,0,1,1,0,1,0,1,0,2,3,4,3,"Kinesthetic,Read/Write"
1234568187,1,0,0,1,0,1,1,0,3,2,4,2,"Kinesthetic,Read/Write"
1234568187,0,1,0,1,0,1,0,1,4,3,2,2,"Kinesthetic,Read/Write"
1234568187,1,0,1,0,1,0,1,0,3,2,4,3,"Kinesthetic,Read/Write"
1234568187,1,0,0,1,0,0,1,0,5,2,3,2,Visual
1234568187,0,1,1,0,1,1,0,1,4,2,3,3,Visual
1234568187,0,1,1,0,0,1,0,1,4,2,3,2,Visual
1234568187,1,0,1,0,0,0,1,0,5,1,3,2,Visual
1234568187,0,1,0,1,1,0,0,1,4,3,2,3,Visual
1234568187,1,0,1,0,0,1,1,0,5,2,3,2,Visual
1234568187,0,1,0,1,0,1,0,1,4,2,3,3,Visual
1234568187,1,0,0,1,0,0,1,0,5,2,3,2,Visual
1234568187,0,1,1,0,1,1,0,1,4,3,2,3,Visual
1234568187,1,0,1,0,0,0,1,0,5,1,3,2,Visual
1234568187,0,1,0,1,1,0,0,1,4,2,3,3,Visual
1234568187,1,0,0,1,0,1,1,0,5,2,3,2,Visual
1234568187,0,1,1,0,1,1,0,1,4,3,2,3,Visual
1234568187,1,0,0,1,0,0,1,0,5,2,3,2,Visual
1234568187,0,1,0,1,1,1,0,1,4,2,3,3,Visual
1234568187,1,0,1,0,0,0,1,0,5,1,3,2,Visual
1234568187,0,1,1,0,1,1,0,1,4,3,2,3,Visual
1234568187,1,0,0,1,0,0,1,0,5,2,3,2,Visual
1234568187,0,1,1,0,0,1,0,1,4,2,3,3,Visual
1234568187,1,0,1,0,0,0,1,0,5,1,3,2,Visual
1234568187,0,1,0,1,1,0,0,1,4,3,2,3,Visual
1234568187,1,0,0,1,0,0,1,0,5,2,3,2,Visual
1234568187,0,1,1,0,1,1,0,1,4,2,3,3,Visual
1234568187,1,0,1,0,0,0,1,0,5,1,3,2,Visual
1234568187,0,1,0,1,1,0,0,1,4,3,2,3,Visual
1234568187,1,0,1,0,0,1,1,0,5,2,3,2,Visual
1234568187,0,1,1,0,1,1,0,1,4,3,2,3,Visual
1234568187,1,0,0,1,0,0,1,0,5,2,3,2,Visual
1234568187,0,1,1,0,1,1,0,1,4,2,3,3,Visual
1234568187,1,0,0,1,0,1,1,0,5,2,3,2,Visual
1234568187,0,1,1,0,1,1,0,1,4,2,3,3,Visual
1234568187,1,0,0,1,0,0,1,0,5,2,3,2,Visual
1234568187,0,1,1,0,1,1,0,1,4,3,2,3,Visual
1234568187,1,0,1,0,0,0,1,0,5,1,3,2,Visual
1234568187,0,1,1,0,1,1,0,1,4,2,3,3,Visual
1234568187,1,0,0,1,0,0,1,0,5,2,3,2,Visual
1234568187,0,1,1,0,1,1,0,1,4,3,2,3,Visual
1234568187,1,0,1,0,0,0,1,0,5,1,3,2,Visual
1234568187,0,1,0,1,1,0,0,1,4,3,2,3,Visual
1234568187,1,0,0,1,1,0,0,1,2,4,3,1,"Read/Write,Auditory"
1234568187,0,1,0,1,0,1,1,1,3,4,2,1,"Read/Write,Auditory"
1234568187,1,0,1,0,1,0,0,1,2,3,4,1,"Read/Write,Auditory"
1234568187,0,1,0,1,1,1,0,1,3,4,2,1,"Read/Write,Auditory"
1234568187,1,0,0,1,0,1,1,1,2,4,3,1,"Read/Write,Auditory"
1234568187,0,1,1,0,1,0,0,1,3,4,2,1,"Read/Write,Auditory"
1234568187,1,0,0,1,1,0,1,1,2,4,3,1,"Read/Write,Auditory"
1234568187,0,1,1,0,0,1,1,1,3,4,2,1,"Read/Write,Auditory"
1234568187,1,0,0,1,1,0,0,1,2,4,3,1,"Read/Write,Auditory"
1234568187,0,1,0,1,0,1,1,1,3,4,2,1,"Read/Write,Auditory"
1234568187,1,0,1,0,1,0,1,1,2,4,3,1,"Read/Write,Auditory"
1234568187,0,1,0,1,1,0,1,1,3,4,2,1,"Read/Write,Auditory"
1234568187,1,0,0,1,0,1,0,1,2,4,3,1,"Read/Write,Auditory"
1234568187,0,1,1,0,1,1,1,1,3,4,2,1,"Read/Write,Auditory"
1234568187,1,0,0,1,1,0,0,1,2,4,3,1,"Read/Write,Auditory"
1234568187,0,1,0,1,0,1,0,1,3,4,2,1,"Read/Write,Auditory"
1234568187,1,0,1,0,1,1,1,1,2,4,3,1,"Read/Write,Auditory"
1234568187,0,1,0,1,1,0,1,1,3,4,2,1,"Read/Write,Auditory"
1234568187,1,0,0,1,0,1,0,1,2,4,3,1,"Read/Write,Auditory"
1234568187,0,1,1,0,1,1,1,1,3,4,2,1,"Read/Write,Auditory"
1234568187,1,0,0,1,1,0,0,1,2,4,3,1,"Read/Write,Auditory"
1234568187,0,1,0,1,0,1,1,1,3,4,2,1,"Read/Write,Auditory"
1234568187,1,0,1,0,1,0,1,1,2,4,3,1,"Read/Write,Auditory"
1234568187,0,1,0,1,1,1,0,1,3,4,2,1,"Read/Write,Auditory"
1234568187,1,0,0,1,0,1,1,1,2,4,3,1,"Read/Write,Auditory"
1234568187,0,1,1,0,1,0,1,1,3,4,2,1,"Read/Write,Auditory"
1234568187,1,0,0,1,1,1,0,1,2,4,3,1,"Read/Write,Auditory"
1234568187,0,1,1,0,0,1,0,1,3,4,2,1,"Read/Write,Auditory"
1234568187,1,0,0,1,1,0,1,1,2,4,3,1,"Read/Write,Auditory"
1234568187,0,1,0,1,1,1,0,1,3,4,2,1,"Read/Write,Auditory"
1234568187,1,0,1,0,0,1,1,1,2,4,3,1,"Read/Write,Auditory"
1234568187,0,1,0,1,1,0,1,1,3,4,2,1,"Read/Write,Auditory"
1234568187,1,0,0,1,0,1,0,1,2,4,3,1,"Read/Write,Auditory"
1234568187,0,1,1,0,1,1,0,1,3,4,2,1,"Read/Write,Auditory"
1234568187,1,0,0,1,1,0,1,1,2,4,3,1,"Read/Write,Auditory"
1234568187,0,1,0,1,0,1,1,1,3,4,2,1,"Read/Write,Auditory"
1234568187,1,0,1,0,1,1,0,1,2,4,3,1,"Read/Write,Auditory"
1234568187,0,1,0,1,1,0,1,1,3,4,2,1,"Read/Write,Auditory"
1234568187,1,0,0,1,0,1,1,1,2,4,3,1,"Read/Write,Auditory"
1234568187,0,1,1,0,1,0,1,1,3,4,2,1,"Read/Write,Auditory"
1234568187,0,0,1,1,0,1,0,1,3,4,3,2,"Auditory,Visual"
1234568187,1,1,0,0,0,1,1,0,4,4,3,2,"Auditory,Visual"
1234568187,0,0,1,1,1,0,0,1,3,4,3,2,"Auditory,Visual"
1234568187,1,1,0,0,0,1,0,1,4,3,4,2,"Auditory,Visual"
1234568187,0,0,1,1,0,0,1,1,3,4,3,2,"Auditory,Visual"
1234568187,1,1,0,0,1,0,1,0,4,4,3,2,"Auditory,Visual"
1234568187,0,0,1,1,0,1,0,1,3,4,3,2,"Auditory,Visual"
1234568187,1,1,0,0,0,1,1,0,4,3,4,2,"Auditory,Visual"
1234568187,0,0,1,1,1,0,0,1,3,4,3,2,"Auditory,Visual"
1234568187,1,1,0,0,0,1,0,1,4,4,3,2,"Auditory,Visual"
1234568187,0,0,1,1,0,1,0,1,3,4,3,2,"Auditory,Visual"
1234568187,1,1,0,0,1,0,1,0,4,4,3,2,"Auditory,Visual"
1234568187,0,0,1,1,0,0,1,1,3,4,3,2,"Auditory,Visual"
1234568187,1,1,0,0,0,1,1,0,4,3,4,2,"Auditory,Visual"
1234568187,0,0,1,1,1,0,0,1,3,4,3,2,"Auditory,Visual"
1234568187,1,1,0,0,0,1,0,1,4,4,3,2,"Auditory,Visual"
1234568187,0,0,1,1,0,1,0,1,3,4,3,2,"Auditory,Visual"
1234568187,1,1,0,0,1,0,1,0,4,4,3,2,"Auditory,Visual"
1234568187,0,0,1,1,0,0,1,1,3,4,3,2,"Auditory,Visual"
1234568187,1,1,0,0,0,1,1,0,4,3,4,2,"Auditory,Visual"
1234568187,0,0,1,1,1,0,0,1,3,4,3,2,"Auditory,Visual"
1234568187,1,1,0,0,0,1,0,1,4,4,3,2,"Auditory,Visual"
1234568187,0,0,1,1,0,1,0,1,3,4,3,2,"Auditory,Visual"
1234568187,1,1,0,0,1,0,1,0,4,4,3,2,"Auditory,Visual"
1234568187,0,0,1,1,0,0,1,1,3,4,3,2,"Auditory,Visual"
1234568187,1,1,0,0,0,1,1,0,4,3,4,2,"Auditory,Visual"
1234568187,0,0,1,1,1,0,0,1,3,4,3,2,"Auditory,Visual"
1234568187,1,1,0,0,0,1,0,1,4,4,3,2,"Auditory,Visual"
1234568187,0,0,1,1,0,1,0,1,3,4,3,2,"Auditory,Visual"
1234568187,1,1,0,0,1,0,1,0,4,4,3,2,"Auditory,Visual"
1234568187,0,0,1,1,0,0,1,1,3,4,3,2,"Auditory,Visual"
1234568187,1,1,0,0,0,1,1,0,4,3,4,2,"Auditory,Visual"
1234568187,0,0,1,1,1,0,0,1,3,4,3,2,"Auditory,Visual"
1234568187,1,1,0,0,0,1,0,1,4,4,3,2,"Auditory,Visual"
1234568187,0,0,1,1,0,1,0,1,3,4,3,2,"Auditory,Visual"
1234568187,1,1,0,0,1,0,1,0,4,4,3,2,"Auditory,Visual"
1234568187,0,0,1,1,0,0,1,1,3,4,3,2,"Auditory,Visual"
1234568187,1,1,0,0,0,1,1,0,4,3,4,2,"Auditory,Visual"
1234568187,0,0,1,1,1,0,0,1,3,4,3,2,"Auditory,Visual"
1234568187,1,1,0,0,0,1,0,1,4,4,3,2,"Auditory,Visual"
1234568187,0,0,1,1,0,1,0,1,3,4,3,2,"Auditory,Visual"
1234568187,1,1,0,0,1,0,1,0,4,4,3,2,"Auditory,Visual"
1234568158,1,0,0,1,0,0,1,0,5,2,3,2,Visual
1234568158,0,1,1,0,1,1,0,1,4,2,3,3,Visual
1234568158,1,0,0,0,1,0,1,0,5,2,3,2,Visual
1234568158,0,1,1,1,0,0,0,1,4,2,3,3,Visual
1234568158,1,0,0,1,1,1,1,0,5,2,3,1,Visual
1234568158,0,1,1,0,0,0,1,1,4,2,3,2,Visual
1234568158,1,0,0,0,0,1,0,0,5,2,3,3,Visual
1234568158,0,1,1,1,1,0,1,1,4,2,3,2,Visual
1234568158,1,0,0,1,0,1,0,0,5,2,3,2,Visual
1234568158,0,1,1,0,1,0,1,1,4,2,3,3,Visual
1234568158,1,0,0,0,1,1,0,0,5,2,3,1,Visual
1234568158,0,1,1,1,0,1,1,1,4,2,3,2,Visual
1234568158,1,0,0,1,1,0,0,1,5,2,3,3,Visual
1234568158,0,1,1,0,0,1,0,0,4,2,3,2,Visual
1234568158,1,0,0,0,0,0,1,1,5,2,3,2,Visual
1234568158,1,1,0,0,0,0,1,0,4,4,3,2,"Auditory,Visual"
1234568158,0,0,1,1,1,1,0,1,3,4,3,2,"Auditory,Visual"
1234568158,1,1,0,1,0,1,0,0,4,4,3,2,"Auditory,Visual"
1234568158,0,0,1,0,1,0,1,1,3,4,3,2,"Auditory,Visual"
1234568158,1,1,0,0,1,1,1,0,4,4,3,1,"Auditory,Visual"
1234568158,0,0,1,1,0,0,0,1,3,4,3,2,"Auditory,Visual"
1234568158,1,1,0,1,1,0,1,0,4,4,3,2,"Auditory,Visual"
1234568158,0,0,1,0,0,1,0,1,3,4,3,2,"Auditory,Visual"
1234568158,1,1,0,0,0,0,0,0,4,4,3,2,"Auditory,Visual"
1234568158,0,0,1,1,1,1,1,1,3,4,3,1,"Auditory,Visual"
1234568158,1,1,0,1,0,0,1,0,4,4,3,2,"Auditory,Visual"
1234568158,0,0,1,0,1,1,0,1,3,4,3,2,"Auditory,Visual"
1234568158,1,1,0,0,1,0,1,0,4,4,3,1,"Auditory,Visual"
1234568158,0,0,1,1,0,1,0,1,3,4,3,2,"Auditory,Visual"
1234568158,1,1,0,0,0,1,1,0,4,4,3,2,"Auditory,Visual"
11,1,0,1,0,1,0,1,0,4,2,3,1,Visual
12,0,1,0,1,0,1,0,1,4,3,2,1,Visual
13,1,1,0,0,1,0,0,1,4,1,2,3,Visual
14,0,0,1,1,0,1,0,1,4,2,3,1,Visual
15,1,1,0,0,1,0,0,1,4,1,3,2,Visual
16,0,1,1,0,1,0,1,0,4,2,1,3,Visual
17,1,0,1,1,0,1,0,1,4,3,2,1,Visual
18,0,1,0,1,0,1,0,1,4,1,3,2,Visual
19,1,0,0,1,1,0,1,0,4,2,3,1,Visual
20,0,1,1,0,1,0,0,1,4,3,1,2,Visual
21,1,0,0,1,1,0,0,1,4,2,3,1,Visual
22,0,1,1,0,1,0,1,0,4,3,2,1,Visual
23,1,0,1,1,0,1,0,1,4,1,3,2,Visual
24,0,1,0,1,0,1,0,1,4,2,1,3,Visual
25,1,0,1,0,1,0,1,0,4,3,2,1,Visual
26,0,1,1,1,0,1,0,1,4,2,3,1,Visual
27,1,0,0,0,1,0,1,0,4,1,3,2,Visual
28,0,1,0,1,1,0,0,1,4,2,1,3,Visual
29,1,1,0,0,1,0,1,0,4,3,2,1,Visual
30,0,1,1,0,1,0,0,1,4,2,3,1,Visual
31,1,0,1,0,1,0,1,0,4,2,3,1,Visual
32,0,1,0,1,0,1,0,1,4,3,2,1,Visual
33,1,1,0,0,1,0,0,1,4,1,2,3,Visual
34,0,0,1,1,0,1,0,1,4,2,3,1,Visual
35,1,1,0,0,1,0,0,1,4,1,3,2,Visual
36,0,1,1,0,1,0,1,0,4,2,1,3,Visual
37,1,0,1,1,0,1,0,1,4,3,2,1,Visual
38,0,1,0,1,0,1,0,1,4,1,3,2,Visual
39,1,0,0,1,1,0,1,0,4,2,3,1,Visual
40,0,1,1,0,1,0,0,1,4,3,1,2,Visual
41,1,0,0,1,0,1,0,1,4,3,2,1,Visual
42,0,1,0,1,1,0,0,1,4,2,1,3,Visual
43,1,1,0,0,1,0,1,0,4,1,3,2,Visual
44,0,0,1,1,0,1,0,1,4,3,2,1,Visual
45,1,1,0,0,1,0,0,1,4,2,1,3,Visual
46,0,1,1,0,1,0,1,0,4,3,2,1,Visual
47,1,0,1,1,0,1,0,1,4,1,3,2,Visual
48,0,1,0,1,0,1,0,1,4,2,1,3,Visual
49,1,0,0,1,1,0,1,0,4,3,2,1,Visual
50,0,1,1,0,1,0,0,1,4,2,3,1,Visual
1,0,1,1,0,1,0,0,1,2,4,4,2,"Read/Write,Auditory"
2,1,0,0,1,0,1,0,1,1,4,4,3,"Read/Write,Auditory"
3,0,1,1,0,1,0,1,0,2,4,4,1,"Read/Write,Auditory"
4,1,0,0,1,0,1,0,1,1,4,4,3,"Read/Write,Auditory"
5,0,1,1,0,1,0,1,0,2,4,4,1,"Read/Write,Auditory"
6,1,0,0,1,0,1,0,1,1,4,4,3,"Read/Write,Auditory"
7,0,1,1,0,1,0,0,1,2,4,4,1,"Read/Write,Auditory"
8,1,0,0,1,0,1,0,1,1,4,4,3,"Read/Write,Auditory"
9,0,1,1,0,1,0,1,0,2,4,4,1,"Read/Write,Auditory"
10,1,0,0,1,0,1,0,1,1,4,4,3,"Read/Write,Auditory"
11,0,1,1,0,1,0,0,1,2,4,4,1,"Read/Write,Auditory"
12,1,0,0,1,0,1,0,1,1,4,4,3,"Read/Write,Auditory"
13,0,1,1,0,1,0,1,0,2,4,4,1,"Read/Write,Auditory"
14,1,0,0,1,0,1,0,1,1,4,4,3,"Read/Write,Auditory"
15,0,1,1,0,1,0,1,0,2,4,4,1,"Read/Write,Auditory"
16,1,0,0,1,0,1,0,1,1,4,4,3,"Read/Write,Auditory"
17,0,1,1,0,1,0,0,1,2,4,4,1,"Read/Write,Auditory"
18,1,0,0,1,0,1,0,1,1,4,4,3,"Read/Write,Auditory"
19,0,1,1,0,1,0,1,0,2,4,4,1,"Read/Write,Auditory"
20,1,0,0,1,0,1,0,1,1,4,4,3,"Read/Write,Auditory"
21,0,1,0,1,0,1,0,1,2,4,4,2,"Read/Write,Auditory"
22,1,0,1,0,1,0,1,0,3,4,4,3,"Read/Write,Auditory"
23,0,1,0,1,0,1,0,1,2,4,4,2,"Read/Write,Auditory"
24,1,0,1,0,1,0,1,0,3,4,4,3,"Read/Write,Auditory"
25,0,1,0,1,0,1,0,1,2,4,4,2,"Read/Write,Auditory"
26,1,0,1,0,1,0,1,0,3,4,4,3,"Read/Write,Auditory"
27,0,1,0,1,0,1,0,1,2,4,4,2,"Read/Write,Auditory"
28,1,0,1,0,1,0,1,0,3,4,4,3,"Read/Write,Auditory"
29,0,1,0,1,0,1,0,1,2,4,4,2,"Read/Write,Auditory"
30,1,0,1,0,1,0,1,0,3,4,4,3,"Read/Write,Auditory"
31,0,1,0,1,0,1,0,1,2,4,4,2,"Read/Write,Auditory"
32,1,0,1,0,1,0,1,0,3,4,4,3,"Read/Write,Auditory"
33,0,1,0,1,0,1,0,1,2,4,4,2,"Read/Write,Auditory"
34,1,0,1,0,1,0,1,0,3,4,4,3,"Read/Write,Auditory"
35,0,1,0,1,0,1,0,1,2,4,4,2,"Read/Write,Auditory"
36,1,0,1,0,1,0,1,0,3,4,4,3,"Read/Write,Auditory"
37,0,1,0,1,0,1,0,1,2,4,4,2,"Read/Write,Auditory"
38,1,0,1,0,1,0,1,0,3,4,4,3,"Read/Write,Auditory"
39,0,1,0,1,0,1,0,1,2,4,4,2,"Read/Write,Auditory"
40,1,0,1,0,1,0,1,0,3,4,4,3,"Read/Write,Auditory"
1,0,1,1,0,1,0,0,1,2,4,4,2,"Read/Write,Auditory"
2,1,0,0,1,0,1,0,1,1,4,4,3,"Read/Write,Auditory"
3,0,1,1,0,1,0,1,0,2,4,4,1,"Read/Write,Auditory"
4,1,0,0,1,0,1,0,1,1,4,4,3,"Read/Write,Auditory"
5,0,1,1,0,1,0,1,0,2,4,4,1,"Read/Write,Auditory"
6,1,0,0,1,0,1,0,1,1,4,4,3,"Read/Write,Auditory"
7,0,1,1,0,1,0,0,1,2,4,4,1,"Read/Write,Auditory"
8,1,0,0,1,0,1,0,1,1,4,4,3,"Read/Write,Auditory"
9,0,1,1,0,1,0,1,0,2,4,4,1,"Read/Write,Auditory"
10,1,0,0,1,0,1,0,1,1,4,4,3,"Read/Write,Auditory"
11,0,1,1,0,1,0,0,1,2,4,4,1,"Read/Write,Auditory"
12,1,0,0,1,0,1,0,1,1,4,4,3,"Read/Write,Auditory"
13,0,1,1,0,1,0,1,0,2,4,4,1,"Read/Write,Auditory"
14,1,0,0,1,0,1,0,1,1,4,4,3,"Read/Write,Auditory"
15,0,1,1,0,1,0,1,0,2,4,4,1,"Read/Write,Auditory"
16,1,0,0,1,0,1,0,1,1,4,4,3,"Read/Write,Auditory"
17,0,1,1,0,1,0,0,1,2,4,4,1,"Read/Write,Auditory"
18,1,0,0,1,0,1,0,1,1,4,4,3,"Read/Write,Auditory"
19,0,1,1,0,1,0,1,0,2,4,4,1,"Read/Write,Auditory"
20,1,0,0,1,0,1,0,1,1,4,4,3,"Read/Write,Auditory"
21,0,1,0,1,0,1,0,1,2,4,4,2,"Read/Write,Auditory"
22,1,0,1,0,1,0,1,0,3,4,4,3,"Read/Write,Auditory"
23,0,1,0,1,0,1,0,1,2,4,4,2,"Read/Write,Auditory"
24,1,0,1,0,1,0,1,0,3,4,4,3,"Read/Write,Auditory"
25,0,1,0,1,0,1,0,1,2,4,4,2,"Read/Write,Auditory"
26,1,0,1,0,1,0,1,0,3,4,4,3,"Read/Write,Auditory"
27,0,1,0,1,0,1,0,1,2,4,4,2,"Read/Write,Auditory"
28,1,0,1,0,1,0,1,0,3,4,4,3,"Read/Write,Auditory"
29,0,1,0,1,0,1,0,1,2,4,4,2,"Read/Write,Auditory"
30,1,0,1,0,1,0,1,0,3,4,4,3,"Read/Write,Auditory"
31,0,1,0,1,0,1,0,1,2,4,4,2,"Read/Write,Auditory"
32,1,0,1,0,1,0,1,0,3,4,4,3,"Read/Write,Auditory"
33,0,1,0,1,0,1,0,1,2,4,4,2,"Read/Write,Auditory"
34,1,0,1,0,1,0,1,0,3,4,4,3,"Read/Write,Auditory"
35,0,1,0,1,0,1,0,1,2,4,4,2,"Read/Write,Auditory"
36,1,0,1,0,1,0,1,0,3,4,4,3,"Read/Write,Auditory"
37,0,1,0,1,0,1,0,1,2,4,4,2,"Read/Write,Auditory"
38,1,0,1,0,1,0,1,0,3,4,4,3,"Read/Write,Auditory"
39,0,1,0,1,0,1,0,1,2,4,4,2,"Read/Write,Auditory"
40,1,0,1,0,1,0,1,0,3,4,4,3,"Read/Write,Auditory"
1,1,0,0,1,0,1,0,1,4,2,4,3,"Read/Write,Visual"
2,0,1,1,0,1,0,1,0,4,3,4,2,"Read/Write,Visual"
3,1,0,0,1,0,1,0,1,4,2,4,3,"Read/Write,Visual"
4,0,1,1,0,1,0,1,0,4,3,4,2,"Read/Write,Visual"
5,1,0,0,1,0,1,0,1,4,2,4,3,"Read/Write,Visual"
6,0,1,1,0,1,0,1,0,4,3,4,2,"Read/Write,Visual"
7,1,0,0,1,0,1,0,1,4,2,4,3,"Read/Write,Visual"
8,0,1,1,0,1,0,1,0,4,3,4,2,"Read/Write,Visual"
9,1,0,0,1,0,1,0,1,4,2,4,3,"Read/Write,Visual"
10,0,1,1,0,1,0,1,0,4,3,4,2,"Read/Write,Visual"
11,1,0,0,1,0,1,0,1,4,2,4,3,"Read/Write,Visual"
12,0,1,1,0,1,0,1,0,4,3,4,2,"Read/Write,Visual"
13,1,0,0,1,0,1,0,1,4,2,4,3,"Read/Write,Visual"
14,0,1,1,0,1,0,1,0,4,3,4,2,"Read/Write,Visual"
15,1,0,0,1,0,1,0,1,4,2,4,3,"Read/Write,Visual"
16,0,1,1,0,1,0,1,0,4,3,4,2,"Read/Write,Visual"
17,1,0,0,1,0,1,0,1,4,2,4,3,"Read/Write,Visual"
18,0,1,1,0,1,0,1,0,4,3,4,2,"Read/Write,Visual"
19,1,0,0,1,0,1,0,1,4,2,4,3,"Read/Write,Visual"
20,0,1,1,0,1,0,1,0,4,3,4,2,"Read/Write,Visual"
21,1,0,0,1,0,1,0,1,4,2,4,3,"Read/Write,Visual"
22,0,1,1,0,1,0,1,0,4,3,4,2,"Read/Write,Visual"
23,1,0,0,1,0,1,0,1,4,2,4,3,"Read/Write,Visual"
24,0,1,1,0,1,0,1,0,4,3,4,2,"Read/Write,Visual"
25,1,0,0,1,0,1,0,1,4,2,4,3,"Read/Write,Visual"
26,0,1,1,0,1,0,1,0,4,3,4,2,"Read/Write,Visual"
27,1,0,0,1,0,1,0,1,4,2,4,3,"Read/Write,Visual"
28,0,1,1,0,1,0,1,0,4,3,4,2,"Read/Write,Visual"
29,1,0,0,1,0,1,0,1,4,2,4,3,"Read/Write,Visual"
30,0,1,1,0,1,0,1,0,4,3,4,2,"Read/Write,Visual"
31,1,0,0,1,0,1,0,1,4,2,4,3,"Read/Write,Visual"
32,0,1,1,0,1,0,1,0,4,3,4,2,"Read/Write,Visual"
33,1,0,0,1,0,1,0,1,4,2,4,3,"Read/Write,Visual"
34,0,1,1,0,1,0,1,0,4,3,4,2,"Read/Write,Visual"
35,1,0,0,1,0,1,0,1,4,2,4,3,"Read/Write,Visual"
36,0,1,1,0,1,0,1,0,4,3,4,2,"Read/Write,Visual"
37,1,0,0,1,0,1,0,1,4,2,4,3,"Read/Write,Visual"
38,0,1,1,0,1,0,1,0,4,3,4,2,"Read/Write,Visual"
39,1,0,0,1,0,1,0,1,4,2,4,3,"Read/Write,Visual"
40,0,1,1,0,1,0,1,0,4,3,4,2,"Read/Write,Visual"
1234568188,0,0,0,1,0,0,1,0,2,2,4,4,"Kinesthetic,Read/Write"
1234568189,1,1,1,0,1,1,0,1,3,2,4,3,"Kinesthetic,Read/Write"
1234568190,0,0,0,0,1,0,1,1,2,2,4,4,"Kinesthetic,Read/Write"
1234568191,1,1,1,1,0,1,0,0,3,2,4,3,"Kinesthetic,Read/Write"
1234568192,0,0,0,1,1,1,1,0,2,2,4,4,"Kinesthetic,Read/Write"
1234568193,1,1,1,0,0,0,0,1,3,2,4,3,"Kinesthetic,Read/Write"
1234568194,0,0,0,0,0,1,0,1,2,2,4,4,"Kinesthetic,Read/Write"
1234568195,1,1,1,1,1,0,1,0,3,2,4,3,"Kinesthetic,Read/Write"
1234568196,0,0,0,1,0,1,0,0,2,2,4,4,"Kinesthetic,Read/Write"
1234568197,1,1,1,0,1,0,1,1,3,2,4,3,"Kinesthetic,Read/Write"
1234568198,0,0,0,0,1,1,0,1,2,2,4,4,"Kinesthetic,Read/Write"
1234568199,1,1,1,1,0,0,1,0,3,2,4,3,"Kinesthetic,Read/Write"
1234568200,0,0,0,1,0,0,0,0,2,2,4,4,"Kinesthetic,Read/Write"
1234568201,1,1,1,0,1,1,1,1,3,2,4,3,"Kinesthetic,Read/Write"
1234568203,1,0,0,1,0,0,1,0,2,2,4,4,"Kinesthetic,Read/Write"
1234568204,0,1,1,0,1,1,0,1,3,2,4,3,"Kinesthetic,Read/Write"
1234568205,1,0,0,0,1,0,1,1,2,2,4,4,"Kinesthetic,Read/Write"
1234568206,0,1,1,1,0,1,0,0,3,2,4,3,"Kinesthetic,Read/Write"
1234568207,1,0,0,1,1,1,1,0,2,2,4,4,"Kinesthetic,Read/Write"
1234568208,0,1,1,0,0,0,0,1,3,2,4,3,"Kinesthetic,Read/Write"
1234568209,1,0,0,0,0,1,0,1,2,2,4,4,"Kinesthetic,Read/Write"
1234568210,0,1,1,1,1,0,1,0,3,2,4,3,"Kinesthetic,Read/Write"
1234568211,1,0,0,1,0,0,0,0,2,2,4,4,"Kinesthetic,Read/Write"
1234568212,0,1,1,0,1,1,1,1,3,2,4,3,"Kinesthetic,Read/Write"
1234568213,1,0,0,0,1,0,0,1,2,2,4,4,"Kinesthetic,Read/Write"
1234568214,0,1,1,1,0,1,0,0,3,2,4,3,"Kinesthetic,Read/Write"
1234568215,1,0,0,1,1,1,1,0,2,2,4,4,"Kinesthetic,Read/Write"
1234568216,0,1,1,0,0,0,1,1,3,2,4,3,"Kinesthetic,Read/Write"
1234568218,0,1,0,0,1,1,0,0,3,2,4,3,"Kinesthetic,Read/Write"
1234568219,1,0,1,1,0,0,1,1,2,2,4,4,"Kinesthetic,Read/Write"
1234568220,0,1,0,1,0,1,0,1,3,2,4,3,"Kinesthetic,Read/Write"
1234568221,1,0,1,0,1,0,1,0,2,2,4,4,"Kinesthetic,Read/Write"
1234568222,0,1,0,0,1,1,1,1,3,2,4,3,"Kinesthetic,Read/Write"
1234568223,1,0,1,1,0,0,0,0,2,2,4,4,"Kinesthetic,Read/Write"
1234568224,0,1,0,1,1,0,1,0,3,2,4,3,"Kinesthetic,Read/Write"
1234568225,1,0,1,0,0,1,0,1,2,2,4,4,"Kinesthetic,Read/Write"
1234568226,0,1,0,0,0,0,0,1,3,2,4,3,"Kinesthetic,Read/Write"
1234568227,1,0,1,1,1,1,1,0,2,2,4,4,"Kinesthetic,Read/Write"
1234568228,0,1,0,0,1,0,0,0,3,2,4,3,"Kinesthetic,Read/Write"
1234568228,1,0,1,1,0,1,1,1,2,2,4,4,"Kinesthetic,Read/Write"
123,1,0,0,1,0,0,1,1,3,4,3,1,Auditory
123,1,0,0,1,0,0,1,1,3,4,3,1,Auditory
123,1,0,0,1,0,0,1,1,3,4,3,1,Auditory
123,1,0,0,1,0,0,1,1,3,4,3,1,Auditory
123,1,0,0,1,0,0,1,1,3,4,3,1,Auditory
123,1,0,0,1,0,0,1,1,3,4,3,1,Auditory
123,1,0,0,1,0,0,1,1,3,4,3,1,Auditory
123,1,0,0,1,0,0,1,1,3,4,3,1,Auditory
123,1,0,0,1,0,0,1,1,3,4,3,1,Auditory
123,1,0,0,1,0,0,1,1,3,4,3,1,Auditory
123,1,0,0,1,0,0,1,1,3,4,3,1,Auditory
123,1,0,0,1,0,0,1,1,3,4,3,1,Auditory
123,1,0,0,1,0,0,1,1,3,4,3,1,Auditory
123,1,0,0,1,0,0,1,1,3,4,3,1,Auditory
123,1,0,0,1,0,0,1,1,3,4,3,1,Auditory
123,1,0,0,1,0,0,1,1,3,4,3,1,Auditory
123,1,0,0,1,0,0,1,1,3,4,3,1,Auditory
123,1,0,0,1,0,0,1,1,3,4,3,1,Auditory
123,1,0,0,1,0,0,1,1,3,4,3,1,Auditory
123,1,0,0,1,0,0,1,1,3,4,3,1,Auditory
123,1,0,0,1,0,0,1,1,3,4,3,1,Auditory
123,1,0,0,1,0,0,1,1,3,4,3,1,Auditory
123,1,0,0,1,0,0,1,1,3,4,3,1,Auditory
123,1,0,0,1,0,0,1,1,3,4,3,1,Auditory
123,1,0,0,1,0,0,1,1,3,4,3,1,Auditory
123,1,0,0,1,0,0,1,1,3,4,3,1,Auditory
123,1,0,0,1,0,0,1,1,3,4,3,1,Auditory
123,1,0,0,1,0,0,1,1,3,4,3,1,Auditory
123,1,0,0,1,0,0,1,1,3,4,3,1,Auditory
123,1,0,0,1,0,0,1,1,3,4,3,1,Auditory
123,1,0,0,1,0,0,1,1,3,4,3,1,Auditory
123,1,0,0,1,0,0,1,1,3,4,3,1,Auditory
123,1,0,0,1,0,0,1,1,3,4,3,1,Auditory
123,1,0,0,1,0,0,1,1,3,4,3,1,Auditory
123,1,0,0,1,0,0,1,1,3,4,3,1,Auditory
123,1,0,0,1,0,0,1,1,3,4,3,1,Auditory
123,1,0,0,1,0,0,1,1,3,4,3,1,Auditory
123,1,0,0,1,0,0,1,1,3,4,3,1,Auditory
123,1,0,0,1,0,0,1,1,3,4,3,1,Auditory
123,1,0,0,1,0,0,1,1,3,4,3,1,Auditory
123,0,1,1,0,1,0,0,1,3,4,2,1,"Kinesthetic,Auditory"
123,0,1,1,0,1,0,0,1,3,4,2,1,"Kinesthetic,Auditory"
123,0,1,1,0,1,0,0,1,3,4,2,1,"Kinesthetic,Auditory"
123,0,1,1,0,1,0,0,1,3,4,2,1,"Kinesthetic,Auditory"
123,0,1,1,0,1,0,0,1,3,4,2,1,"Kinesthetic,Auditory"
123,0,1,1,0,1,0,0,1,3,4,2,1,"Kinesthetic,Auditory"
123,0,1,1,0,1,0,0,1,3,4,2,1,"Kinesthetic,Auditory"
123,0,1,1,0,1,0,0,1,3,4,2,1,"Kinesthetic,Auditory"
123,0,1,1,0,1,0,0,1,3,4,2,1,"Kinesthetic,Auditory"
123,0,1,1,0,1,0,0,1,3,4,2,1,"Kinesthetic,Auditory"
123,0,1,1,0,1,0,0,1,3,4,2,1,"Kinesthetic,Auditory"
123,0,1,1,0,1,0,0,1,3,4,2,1,"Kinesthetic,Auditory"
123,0,1,1,0,1,0,0,1,3,4,2,1,"Kinesthetic,Auditory"
123,0,1,1,0,1,0,0,1,3,4,2,1,"Kinesthetic,Auditory"
123,0,1,1,0,1,0,0,1,3,4,2,1,"Kinesthetic,Auditory"
123,0,1,1,0,1,0,0,1,3,4,2,1,"Kinesthetic,Auditory"
123,0,1,1,0,1,0,0,1,3,4,2,1,"Kinesthetic,Auditory"
123,0,1,1,0,1,0,0,1,3,4,2,1,"Kinesthetic,Auditory"
123,0,1,1,0,1,0,0,1,3,4,2,1,"Kinesthetic,Auditory"
123,0,1,1,0,1,0,0,1,3,4,2,1,"Kinesthetic,Auditory"
123,0,1,1,0,1,0,0,1,3,4,2,1,"Kinesthetic,Auditory"
123,0,1,1,0,1,0,0,1,3,4,2,1,"Kinesthetic,Auditory"
123,0,1,1,0,1,0,0,1,3,4,2,1,"Kinesthetic,Auditory"
123,0,1,1,0,1,0,0,1,3,4,2,1,"Kinesthetic,Auditory"
123,0,1,1,0,1,0,0,1,3,4,2,1,"Kinesthetic,Auditory"
123,0,1,1,0,1,0,0,1,3,4,2,1,"Kinesthetic,Auditory"
123,0,1,1,0,1,0,0,1,3,4,2,1,"Kinesthetic,Auditory"
123,0,1,1,0,1,0,0,1,3,4,2,1,"Kinesthetic,Auditory"
123,0,1,1,0,1,0,0,1,3,4,2,1,"Kinesthetic,Auditory"
123,0,1,1,0,1,0,0,1,3,4,2,1,"Kinesthetic,Auditory"
123,0,1,1,0,1,0,0,1,3,4,2,1,"Kinesthetic,Auditory"
123,0,1,1,0,1,0,0,1,3,4,2,1,"Kinesthetic,Auditory"
123,0,1,1,0,1,0,0,1,3,4,2,1,"Kinesthetic,Auditory"
123,0,1,1,0,1,0,0,1,3,4,2,1,"Kinesthetic,Auditory"
123,0,1,1,0,1,0,0,1,3,4,2,1,"Kinesthetic,Auditory"
123,0,1,1,0,1,0,0,1,3,4,2,1,"Kinesthetic,Auditory"
123,0,1,1,0,1,0,0,1,3,4,2,1,"Kinesthetic,Auditory"
123,0,1,1,0,1,0,0,1,3,4,2,1,"Kinesthetic,Auditory"
123,0,1,1,0,1,0,0,1,3,4,2,1,"Kinesthetic,Auditory"
123,0,1,1,0,1,0,0,1,3,4,2,1,"Kinesthetic,Auditory"
123,0,1,1,0,1,0,0,1,3,4,2,1,"Kinesthetic,Auditory"
123,0,1,1,0,0,0,0,0,3,4,2,1,"Kinesthetic,Visual"
123,0,1,1,0,0,0,0,0,2,3,4,1,"Kinesthetic,Visual"
123,0,1,1,0,0,0,0,0,3,2,4,1,"Kinesthetic,Visual"
123,0,1,1,0,0,0,0,0,4,3,2,1,"Kinesthetic,Visual"
123,0,1,1,0,0,0,0,0,2,4,3,1,"Kinesthetic,Visual"
123,0,1,1,0,0,0,0,0,3,4,2,1,"Kinesthetic,Visual"
123,0,1,1,0,0,0,0,0,4,1,3,1,"Kinesthetic,Visual"
123,0,1,1,0,0,0,0,0,3,2,4,1,"Kinesthetic,Visual"
123,0,1,1,0,0,0,0,0,2,4,3,1,"Kinesthetic,Visual"
123,0,1,1,0,0,0,0,0,4,1,3,1,"Kinesthetic,Visual"
123,0,1,1,0,0,0,0,0,3,2,4,1,"Kinesthetic,Visual"
123,0,1,1,0,0,0,0,0,2,4,3,1,"Kinesthetic,Visual"
123,0,1,1,0,0,0,0,0,4,3,2,1,"Kinesthetic,Visual"
123,0,1,1,0,0,0,0,0,3,4,2,1,"Kinesthetic,Visual"
123,0,1,1,0,0,0,0,0,2,3,4,1,"Kinesthetic,Visual"
123,0,1,1,0,0,0,0,0,3,2,4,1,"Kinesthetic,Visual"
123,0,1,1,0,0,0,0,0,4,3,2,1,"Kinesthetic,Visual"
123,0,1,1,0,0,0,0,0,2,4,3,1,"Kinesthetic,Visual"
123,0,1,1,0,0,0,0,0,3,4,2,1,"Kinesthetic,Visual"
123,0,1,1,0,0,0,0,0,4,1,3,1,"Kinesthetic,Visual"
123,0,1,1,0,0,0,0,0,3,2,4,1,"Kinesthetic,Visual"
123,0,1,1,0,0,0,0,0,2,4,3,1,"Kinesthetic,Visual"
123,0,1,1,0,0,0,0,0,4,3,2,1,"Kinesthetic,Visual"
123,0,1,1,0,0,0,0,0,3,4,2,1,"Kinesthetic,Visual"
123,0,1,1,0,0,0,0,0,2,3,4,1,"Kinesthetic,Visual"
123,0,1,1,0,0,0,0,0,3,2,4,1,"Kinesthetic,Visual"
123,0,1,1,0,0,0,0,0,4,3,2,1,"Kinesthetic,Visual"
123,0,1,1,0,0,0,0,0,2,4,3,1,"Kinesthetic,Visual"
123,0,1,1,0,0,0,0,0,3,4,2,1,"Kinesthetic,Visual"
123,0,1,1,0,0,0,0,0,4,1,3,1,"Kinesthetic,Visual"
123,0,1,1,0,0,0,0,0,3,2,4,1,"Kinesthetic,Visual"
123,0,1,1,0,0,0,0,0,2,4,3,1,"Kinesthetic,Visual"
123,0,1,1,0,0,0,0,0,4,3,2,1,"Kinesthetic,Visual"
123,0,1,1,0,0,0,0,0,3,4,2,1,"Kinesthetic,Visual"
123,0,1,1,0,0,0,0,0,2,3,4,1,"Kinesthetic,Visual"
123,0,1,1,0,0,0,0,0,3,2,4,1,"Kinesthetic,Visual"
123,0,1,1,0,0,0,0,0,4,3,2,1,"Kinesthetic,Visual"
123,0,1,1,0,0,0,0,0,2,4,3,1,"Kinesthetic,Visual"
123,0,1,1,0,0,0,0,0,3,4,2,1,"Kinesthetic,Visual"
123,0,1,1,0,1,1,0,1,1,4,2,3,Kinesthetic
123,0,1,1,0,1,1,0,1,1,4,2,3,Kinesthetic
123,0,1,1,0,1,1,0,1,1,4,2,3,Kinesthetic
123,0,1,1,0,1,1,0,1,1,4,2,3,Kinesthetic
123,0,1,1,0,1,1,0,1,1,4,2,3,Kinesthetic
123,0,1,1,0,1,1,0,1,1,4,2,3,Kinesthetic
123,0,1,1,0,1,1,0,1,1,4,2,3,Kinesthetic
123,0,1,1,0,1,1,0,1,1,4,2,3,Kinesthetic
123,0,1,1,0,1,1,0,1,1,4,2,3,Kinesthetic
123,0,1,1,0,1,1,0,1,1,4,2,3,Kinesthetic
123,0,1,1,0,1,1,0,1,1,4,2,3,Kinesthetic
123,0,1,1,0,1,1,0,1,1,4,2,3,Kinesthetic
123,0,1,1,0,1,1,0,1,1,4,2,3,Kinesthetic
123,0,1,1,0,1,1,0,1,1,4,2,3,Kinesthetic
123,0,1,1,0,1,1,0,1,1,4,2,3,Kinesthetic
123,0,1,1,0,1,1,0,1,1,4,2,3,Kinesthetic
123,0,1,1,0,1,1,0,1,1,4,2,3,Kinesthetic
123,0,1,1,0,1,1,0,1,1,4,2,3,Kinesthetic
123,0,1,1,0,1,1,0,1,1,4,2,3,Kinesthetic
123,0,1,1,0,1,1,0,1,1,4,2,3,Kinesthetic
123,0,1,1,0,1,1,0,1,1,4,2,3,Kinesthetic
123,0,1,1,0,1,1,0,1,1,4,2,3,Kinesthetic
123,0,1,1,0,1,1,0,1,1,4,2,3,Kinesthetic
123,0,1,1,0,1,1,0,1,1,4,2,3,Kinesthetic
123,0,1,1,0,1,1,0,1,1,4,2,3,Kinesthetic
123,0,1,1,0,1,1,0,1,1,4,2,3,Kinesthetic
123,0,1,1,0,1,1,0,1,1,4,2,3,Kinesthetic
123,0,1,1,0,1,1,0,1,1,4,2,3,Kinesthetic
123,0,1,1,0,1,1,0,1,1,4,2,3,Kinesthetic
123,0,1,1,0,1,1,0,1,1,4,2,3,Kinesthetic
123,0,1,1,0,1,1,0,1,1,4,2,3,Kinesthetic
123,0,1,1,0,1,1,0,1,1,4,2,3,Kinesthetic
123,0,1,1,0,1,1,0,1,1,4,2,3,Kinesthetic
123,0,1,1,0,1,1,0,1,1,4,2,3,Kinesthetic
123,0,1,1,0,1,1,0,1,1,4,2,3,Kinesthetic
123,0,1,1,0,1,1,0,1,1,4,2,3,Kinesthetic
123,0,1,1,0,1,1,0,1,1,4,2,3,Kinesthetic
123,0,1,1,0,1,1,0,1,1,4,2,3,Kinesthetic
123,0,1,1,0,1,1,0,1,1,4,2,3,Kinesthetic
123,0,1,1,0,1,1,0,1,1,4,2,3,Kinesthetic
123,0,1,1,0,1,1,0,1,1,4,2,3,Kinesthetic
123,1,0,0,1,0,1,1,0,4,3,4,2,Read/Write
123,1,0,0,1,0,1,1,0,4,3,4,2,Read/Write
123,1,0,0,1,0,1,1,0,4,3,4,2,Read/Write
123,1,0,0,1,0,1,1,0,4,3,4,2,Read/Write
123,1,0,0,1,0,1,1,0,4,3,4,2,Read/Write
123,1,0,0,1,0,1,1,0,4,3,4,2,Read/Write
123,1,0,0,1,0,1,1,0,4,3,4,2,Read/Write
123,1,0,0,1,0,1,1,0,4,3,4,2,Read/Write
123,1,0,0,1,0,1,1,0,4,3,4,2,Read/Write
123,1,0,0,1,0,1,1,0,4,3,4,2,Read/Write
123,1,0,0,1,0,1,1,0,4,3,4,2,Read/Write
123,1,0,0,1,0,1,1,0,4,3,4,2,Read/Write
123,1,0,0,1,0,1,1,0,4,3,4,2,Read/Write
123,1,0,0,1,0,1,1,0,4,3,4,2,Read/Write
123,1,0,0,1,0,1,1,0,4,3,4,2,Read/Write
123,1,0,0,1,0,1,1,0,4,3,4,2,Read/Write
123,1,0,0,1,0,1,1,0,4,3,4,2,Read/Write
123,1,0,0,1,0,1,1,0,4,3,4,2,Read/Write
123,1,0,0,1,0,1,1,0,4,3,4,2,Read/Write
123,1,0,0,1,0,1,1,0,4,3,4,2,Read/Write
123,1,0,0,1,0,1,1,0,4,3,4,2,Read/Write
123,1,0,0,1,0,1,1,0,4,3,4,2,Read/Write
123,1,0,0,1,0,1,1,0,4,3,4,2,Read/Write
123,1,0,0,1,0,1,1,0,4,3,4,2,Read/Write
123,1,0,0,1,0,1,1,0,4,3,4,2,Read/Write
123,1,0,0,1,0,1,1,0,4,3,4,2,Read/Write
123,1,0,0,1,0,1,1,0,4,3,4,2,Read/Write
123,1,0,0,1,0,1,1,0,4,3,4,2,Read/Write
123,1,0,0,1,0,1,1,0,4,3,4,2,Read/Write
123,1,0,0,1,0,1,1,0,4,3,4,2,Read/Write
123,1,0,0,1,0,1,1,0,4,3,4,2,Read/Write
123,1,0,0,1,0,1,1,0,4,3,4,2,Read/Write
123,1,0,0,1,0,1,1,0,4,3,4,2,Read/Write
123,1,0,0,1,0,1,1,0,4,3,4,2,Read/Write
123,1,0,0,1,0,1,1,0,4,3,4,2,Read/Write
123,1,0,0,1,0,1,1,0,4,3,4,2,Read/Write
123,1,0,0,1,0,1,1,0,4,3,4,2,Read/Write
123,1,0,0,1,0,1,1,0,4,3,4,2,Read/Write
123,1,0,0,1,0,1,1,0,4,3,4,2,Read/Write
123,1,0,0,1,0,1,1,0,4,3,4,2,Read/Write
123,1,0,0,1,0,1,1,0,4,3,4,2,Read/Write
